item_nbr,mean,std,cv
1146496,101.56872037914692,182.77592117468382,1.7995296238093548
257847,97.02725118483413,110.43978676437432,1.1382347270045783
364738,12.252369668246445,13.538994824809867,1.1050103115887757
329397,5.062203791469194,5.415321553636514,1.0697557381554634
168930,5.634478672985782,5.839153728605768,1.036325464607984
129635,13.562796208530806,13.564776721989375,1.0001460254528727
407499,6.56042654028436,6.40195937760388,0.9758449909152385
417765,6.502369668246446,6.141484894143701,0.9444994990264729
557408,6.9496445497630335,6.420214805027706,0.923819162124863
671708,5.1869016587677725,4.742287062368322,0.9142812750945667
866927,7.552725118483412,6.690787066816317,0.885877211450776
315176,19.628554502369667,17.143041704477003,0.8733726012482173
273528,9.648696682464456,8.419030195488302,0.8725562086316849
115894,7.158767772511848,6.083174256257154,0.849751584290142
116017,6.658175355450237,5.656422884291487,0.8495454959234834
105575,6.447274881516588,5.422914972204948,0.8411173824388452
208384,13.946682464454977,11.501377495959556,0.8246676243810946
582864,39.745506635071095,32.68705469605344,0.8224088070174619
360314,7.486374407582939,6.027583631991245,0.8051405532010146
310644,15.192535545023697,12.230119804702833,0.805008470670243
581078,8.090047393364928,6.269217652942787,0.7749296571593018
258268,10.207938388625593,7.8629341990059265,0.7702764162220419
311994,19.758075236966825,14.148867645376471,0.7161055657336663
