date,item_nbr,unit_sales,predicted,fold,error
2017-06-16,105575,5.0,5.775815221289138,1,-0.7758152212891378
2017-06-17,105575,2.0,5.910747791130012,1,-3.910747791130012
2017-06-18,105575,0.0,3.523832805622097,1,-3.523832805622097
2017-06-19,105575,1.0,3.48552329152236,1,-2.48552329152236
2017-06-20,105575,3.0,3.532406863367055,1,-0.5324068633670551
2017-06-21,105575,4.0,4.167269696462751,1,-0.1672696964627507
2017-06-22,105575,3.0,3.8504778233717354,1,-0.8504778233717354
2017-06-23,105575,3.0,6.048241911110044,1,-3.0482419111100443
2017-06-24,105575,4.0,5.54152120479737,1,-1.5415212047973696
2017-06-25,105575,5.0,3.9531155318546167,1,1.0468844681453833
2017-06-26,105575,5.0,4.10999985295932,1,0.8900001470406798
2017-06-27,105575,6.0,3.9799353726325752,1,2.0200646273674248
2017-06-28,105575,5.0,4.67447034573228,1,0.3255296542677204
2017-06-29,105575,3.0,4.357678472641259,1,-1.3576784726412594
2017-06-30,105575,9.0,5.9582512476158875,1,3.0417487523841125
2017-06-16,115894,0.0,5.3392085651433066,1,-5.3392085651433066
2017-06-17,115894,6.0,4.969186129644743,1,1.0308138703552574
2017-06-18,115894,0.0,3.6771200677150424,1,-3.6771200677150424
2017-06-19,115894,0.0,3.009460159143491,1,-3.009460159143491
2017-06-20,115894,0.0,2.9669936398190364,1,-2.9669936398190364
2017-06-21,115894,0.0,3.1569246241766846,1,-3.1569246241766846
2017-06-22,115894,2.0,3.435494661647694,1,-1.4354946616476938
2017-06-23,115894,1.0,5.449924945653027,1,-4.449924945653027
2017-06-24,115894,4.0,5.537552360101598,1,-1.5375523601015981
2017-06-25,115894,8.0,4.063334191772725,1,3.936665808227275
2017-06-26,115894,3.0,4.54290577789671,1,-1.54290577789671
2017-06-27,115894,4.0,4.178583762485785,1,-0.17858376248578534
2017-06-28,115894,3.0,4.467128942505952,1,-1.4671289425059522
2017-06-29,115894,2.0,4.3943341139940975,1,-2.3943341139940975
2017-06-30,115894,0.0,5.057842959644517,1,-5.057842959644517
2017-06-16,116017,9.0,6.418621791911166,1,2.581378208088834
2017-06-17,116017,7.0,7.608474729669003,1,-0.6084747296690027
2017-06-18,116017,7.0,4.752424585897483,1,2.247575414102517
2017-06-19,116017,8.0,4.9344135322880325,1,3.0655864677119675
2017-06-20,116017,3.0,5.0196483814834805,1,-2.0196483814834805
2017-06-21,116017,6.0,5.569814078137963,1,0.4301859218620372
2017-06-22,116017,4.0,4.761661267817759,1,-0.7616612678177592
2017-06-23,116017,4.0,6.981683881203731,1,-2.9816838812037307
2017-06-24,116017,6.0,6.2461779932622905,1,-0.2461779932622905
2017-06-25,116017,12.0,4.812387559204218,1,7.187612440795782
2017-06-26,116017,6.0,5.5058480819822755,1,0.4941519180177245
2017-06-27,116017,4.0,4.734234495973892,1,-0.734234495973892
2017-06-28,116017,13.0,5.167455397168654,1,7.832544602831346
2017-06-29,116017,9.0,6.447081510115982,1,2.552918489884018
2017-06-30,116017,7.0,8.20828923823779,1,-1.2082892382377892
2017-06-16,129635,13.0,12.933320866827119,1,0.06667913317288132
2017-06-17,129635,11.0,13.65760036338821,1,-2.6576003633882106
2017-06-18,129635,19.0,9.145037055661478,1,9.854962944338522
2017-06-19,129635,4.0,9.59137320894448,1,-5.59137320894448
2017-06-20,129635,8.0,7.493796084345581,1,0.5062039156544191
2017-06-21,129635,6.0,8.81953810043589,1,-2.8195381004358904
2017-06-22,129635,4.0,7.961044836199437,1,-3.961044836199437
2017-06-23,129635,8.0,12.886579154245497,1,-4.8865791542454975
2017-06-24,129635,13.0,12.556626817438621,1,0.4433731825613787
2017-06-25,129635,10.0,9.032129723941594,1,0.9678702760584059
2017-06-26,129635,6.0,7.524734794958452,1,-1.5247347949584524
2017-06-27,129635,7.0,6.808699417872177,1,0.1913005821278233
2017-06-28,129635,7.0,7.708589795913646,1,-0.708589795913646
2017-06-29,129635,8.0,7.016858159394308,1,0.9831418406056924
2017-06-30,129635,8.0,12.38298221985785,1,-4.382982219857849
2017-06-16,168930,2.0,5.159251016149881,1,-3.159251016149881
2017-06-17,168930,1.0,5.245681743946598,1,-4.245681743946598
2017-06-18,168930,3.0,3.3297015929095024,1,-0.3297015929095024
2017-06-19,168930,5.0,3.5828766414295545,1,1.4171233585704455
2017-06-20,168930,5.0,3.5240106110259504,1,1.4759893889740496
2017-06-21,168930,3.0,3.9932963566038877,1,-0.9932963566038877
2017-06-22,168930,5.0,3.60530603358973,1,1.3946939664102702
2017-06-23,168930,2.0,6.066885832613383,1,-4.066885832613383
2017-06-24,168930,6.0,5.364846057873018,1,0.6351539421269816
2017-06-25,168930,4.0,4.112506682859253,1,-0.11250668285925336
2017-06-26,168930,3.0,4.0413082329361085,1,-1.0413082329361085
2017-06-27,168930,4.0,3.853874826925672,1,0.14612517307432782
2017-06-28,168930,0.0,3.6785341829572213,1,-3.6785341829572213
2017-06-29,168930,0.0,2.8592023436491063,1,-2.8592023436491063
2017-06-30,168930,3.0,4.825072211676591,1,-1.8250722116765914
2017-06-16,208384,46.0,36.44639560585347,1,9.553604394146532
2017-06-17,208384,45.0,42.32305491924986,1,2.676945080750137
2017-06-18,208384,22.0,31.386217419570677,1,-9.386217419570677
2017-06-19,208384,34.0,21.88867960173582,1,12.11132039826418
2017-06-20,208384,28.0,21.80959135171666,1,6.190408648283341
2017-06-21,208384,30.0,27.54960932063836,1,2.4503906793616395
2017-06-22,208384,7.0,23.40119845876496,1,-16.40119845876496
2017-06-23,208384,9.0,26.42227992489786,1,-17.42227992489786
2017-06-24,208384,11.0,24.913671061650632,1,-13.913671061650632
2017-06-25,208384,7.0,14.738448171711893,1,-7.738448171711893
2017-06-26,208384,12.0,13.832561190442995,1,-1.8325611904429948
2017-06-27,208384,7.0,12.17116103460847,1,-5.17116103460847
2017-06-28,208384,10.0,11.702488649825723,1,-1.7024886498257228
2017-06-29,208384,9.0,9.689494779604708,1,-0.6894947796047077
2017-06-30,208384,16.0,16.328694955984183,1,-0.32869495598418297
2017-06-16,257847,180.0,77.45047412546134,1,102.54952587453866
2017-06-17,257847,44.0,102.89775739416521,1,-58.89775739416521
2017-06-18,257847,57.0,43.15445569511357,1,13.845544304886431
2017-06-19,257847,33.0,43.68519063792608,1,-10.685190637926077
2017-06-20,257847,6.0,50.06378524219081,1,-44.06378524219081
2017-06-21,257847,126.0,50.32135629650928,1,75.67864370349072
2017-06-22,257847,22.0,61.937274747976424,1,-39.937274747976424
2017-06-23,257847,50.0,86.57639021896615,1,-36.576390218966154
2017-06-24,257847,98.0,78.31741072045544,1,19.68258927954456
2017-06-25,257847,32.0,42.857899676863795,1,-10.857899676863795
2017-06-26,257847,86.0,42.017830545625934,1,43.982169454374066
2017-06-27,257847,52.0,46.396350652335286,1,5.603649347664714
2017-06-28,257847,116.0,58.92443348536363,1,57.07556651463637
2017-06-29,257847,9.0,51.48049430209779,1,-42.48049430209779
2017-06-30,257847,90.0,75.757295063735,1,14.242704936265
2017-06-16,258268,4.0,7.716249969076522,1,-3.7162499690765216
2017-06-17,258268,6.0,6.9712517525372455,1,-0.9712517525372455
2017-06-18,258268,3.0,5.100693321149628,1,-2.1006933211496284
2017-06-19,258268,3.0,4.839185177228237,1,-1.839185177228237
2017-06-20,258268,5.0,4.709120696901489,1,0.29087930309851107
2017-06-21,258268,4.0,5.642869479982604,1,-1.642869479982604
2017-06-22,258268,2.0,5.073916780487527,1,-3.0739167804875267
2017-06-23,258268,7.0,8.464617486042517,1,-1.464617486042517
2017-06-24,258268,5.0,7.717085064418855,1,-2.717085064418855
2017-06-25,258268,5.0,5.247752938893552,1,-0.24775293889355243
2017-06-26,258268,5.0,5.225760421792685,1,-0.2257604217926854
2017-06-27,258268,4.0,5.095695941465937,1,-1.0956959414659373
2017-06-28,258268,1.0,5.67430873854234,1,-4.67430873854234
2017-06-29,258268,1.0,4.901386923349488,1,-3.901386923349488
2017-06-30,258268,4.0,7.880082216317484,1,-3.8800822163174837
2017-06-16,273528,5.0,7.548869286195493,1,-2.548869286195493
2017-06-17,273528,8.0,6.85091128403508,1,1.1490887159649201
2017-06-18,273528,6.0,5.202399372776342,1,0.797600627223658
2017-06-19,273528,6.0,4.987100043254146,1,1.012899956745854
2017-06-20,273528,0.0,4.616850889912572,1,-4.616850889912572
2017-06-21,273528,5.0,4.8274743398095765,1,0.17252566019042348
2017-06-22,273528,3.0,5.104461384756777,1,-2.1044613847567772
2017-06-23,273528,5.0,7.401407878897455,1,-2.401407878897455
2017-06-24,273528,7.0,6.964455260342619,1,0.03554473965738136
2017-06-25,273528,7.0,5.090174626796336,1,1.909825373203664
2017-06-26,273528,5.0,5.090174626796336,1,-0.09017462679633592
2017-06-27,273528,8.0,4.960110146469588,1,3.039889853530412
2017-06-28,273528,10.0,5.806733409449688,1,4.193266590550312
2017-06-29,273528,5.0,6.186411039999687,1,-1.1864110399996868
2017-06-30,273528,3.0,7.56685017017398,1,-4.56685017017398
2017-06-16,310644,7.0,11.679352473680906,1,-4.679352473680906
2017-06-17,310644,7.0,11.926731595592747,1,-4.926731595592747
2017-06-18,310644,11.0,8.695668066423638,1,2.3043319335763623
2017-06-19,310644,5.0,9.368215876493887,1,-4.3682158764938865
2017-06-20,310644,16.0,8.27389236239823,1,7.726107637601769
2017-06-21,310644,4.0,10.164162089372047,1,-6.164162089372047
2017-06-22,310644,2.0,7.655332318793094,1,-5.655332318793094
2017-06-23,310644,13.0,10.596610476642681,1,2.403389523357319
2017-06-24,310644,5.0,11.79481145174269,1,-6.7948114517426905
2017-06-25,310644,12.0,7.818606370351376,1,4.181393629648624
2017-06-26,310644,13.0,8.657022658140068,1,4.342977341859932
2017-06-27,310644,3.0,9.614020616549567,1,-6.614020616549567
2017-06-28,310644,10.0,8.381795205302977,1,1.6182047946970233
2017-06-29,310644,2.0,8.31565475701284,1,-6.31565475701284
2017-06-30,310644,3.0,10.162171530658279,1,-7.162171530658279
2017-06-16,311994,14.293,18.80251689821146,1,-4.509516898211462
2017-06-17,311994,32.123,19.269638374812764,1,12.853361625187233
2017-06-18,311994,15.593,16.60372028149653,1,-1.0107202814965284
2017-06-19,311994,9.412,12.584612571874358,1,-3.1726125718743567
2017-06-20,311994,10.619,12.029752136362307,1,-1.4107521363623068
2017-06-21,311994,14.879,13.37013547286393,1,1.508864527136069
2017-06-22,311994,11.958,12.522308418255097,1,-0.5643084182550968
2017-06-23,311994,19.401,19.82273829447221,1,-0.4217382944722097
2017-06-24,311994,23.366,25.867644922409166,1,-2.5016449224091666
2017-06-25,311994,20.546,15.185221882178503,1,5.360778117821496
2017-06-26,311994,14.731,13.66691102970185,1,1.0640889702981493
2017-06-27,311994,12.068,11.924546566331681,1,0.1434534336683182
2017-06-28,311994,15.432,13.141854200747824,1,2.2901457992521763
2017-06-29,311994,11.377,13.270769417164917,1,-1.8937694171649166
2017-06-30,311994,17.615,19.58803313455426,1,-1.9730331345542602
2017-06-16,315176,12.0,19.03035317146638,1,-7.0303531714663805
2017-06-17,315176,11.0,16.629418410448316,1,-5.6294184104483165
2017-06-18,315176,18.0,12.671320964214559,1,5.328679035785441
2017-06-19,315176,22.0,11.3315951639487,1,10.6684048360513
2017-06-20,315176,4.0,12.796778760369984,1,-8.796778760369984
2017-06-21,315176,10.0,10.453647130973673,1,-0.45364713097367293
2017-06-22,315176,16.0,12.320959378165016,1,3.679040621834984
2017-06-23,315176,8.0,19.184365285116872,1,-11.184365285116872
2017-06-24,315176,12.0,17.656474479431793,1,-5.656474479431793
2017-06-25,315176,32.0,13.021432064725373,1,18.978567935274626
2017-06-26,315176,3.0,15.542277994864136,1,-12.542277994864136
2017-06-27,315176,13.0,10.498049712521095,1,2.5019502874789055
2017-06-28,315176,10.0,12.216057116057597,1,-2.2160571160575966
2017-06-29,315176,13.0,11.53765707920711,1,1.4623429207928904
2017-06-30,315176,6.0,16.717694845140468,1,-10.717694845140468
2017-06-16,329397,3.0,5.689780313595004,1,-2.689780313595004
2017-06-17,329397,2.0,5.346836387027394,1,-3.346836387027394
2017-06-18,329397,2.0,3.677508695871534,1,-1.6775086958715342
2017-06-19,329397,3.0,3.5395825803288052,1,-0.5395825803288052
2017-06-20,329397,1.0,3.4528121611028055,1,-2.4528121611028055
2017-06-21,329397,8.0,3.721163102521862,1,4.278836897478138
2017-06-22,329397,3.0,3.9774896842166294,1,-0.9774896842166294
2017-06-23,329397,1.0,5.664635939329627,1,-4.664635939329627
2017-06-24,329397,5.0,5.417826085043611,1,-0.4178260850436111
2017-06-25,329397,0.0,3.4851810041505105,1,-3.4851810041505105
2017-06-26,329397,2.0,3.2054037758555154,1,-1.2054037758555154
2017-06-27,329397,6.0,3.5345852006451124,1,2.4654147993548876
2017-06-28,329397,10.0,4.181619936268333,1,5.818380063731667
2017-06-29,329397,1.0,4.351314342991034,1,-3.351314342991034
2017-06-30,329397,2.0,5.160123000555199,1,-3.160123000555199
2017-06-16,360314,2.0,6.003645472183168,1,-4.003645472183168
2017-06-17,360314,4.0,5.989378460741515,1,-1.9893784607415146
2017-06-18,360314,0.0,3.8592505463105815,1,-3.8592505463105815
2017-06-19,360314,1.0,3.598322941937136,1,-2.598322941937136
2017-06-20,360314,6.0,3.7195354691281635,1,2.2804645308718365
2017-06-21,360314,3.0,4.408929471596233,1,-1.4089294715962328
2017-06-22,360314,2.0,4.03760642913284,1,-2.0376064291328397
2017-06-23,360314,5.0,5.638900395406748,1,-0.6389003954067478
2017-06-24,360314,9.0,5.759758100664679,1,3.240241899335321
2017-06-25,360314,3.0,4.8056072556350165,1,-1.8056072556350165
2017-06-26,360314,2.0,4.473608628479224,1,-2.473608628479224
2017-06-27,360314,0.0,3.832951622627007,1,-3.832951622627007
2017-06-28,360314,2.0,4.023514635120437,1,-2.0235146351204367
2017-06-29,360314,4.0,4.182635947696535,1,-0.1826359476965349
2017-06-30,360314,8.0,5.779403452024578,1,2.220596547975422
2017-06-16,364738,2.0,9.577257600664632,1,-7.577257600664632
2017-06-17,364738,9.0,7.937552621081603,1,1.0624473789183968
2017-06-18,364738,14.0,9.399158515443224,1,4.600841484556776
2017-06-19,364738,4.0,6.7795597560203005,1,-2.7795597560203005
2017-06-20,364738,5.0,5.743392161371326,1,-0.7433921613713261
2017-06-21,364738,10.0,6.91040741813473,1,3.0895925818652703
2017-06-22,364738,1.0,7.392222161889776,1,-6.392222161889776
2017-06-23,364738,3.0,8.349366678447826,1,-5.349366678447826
2017-06-24,364738,5.0,8.606965875930534,1,-3.606965875930534
2017-06-25,364738,17.0,6.982839157806596,1,10.017160842193405
2017-06-26,364738,8.0,8.27499397649228,1,-0.2749939764922793
2017-06-27,364738,23.0,6.75277064263388,1,16.24722935736612
2017-06-28,364738,6.0,11.627412258195564,1,-5.627412258195564
2017-06-29,364738,1.0,7.841272885018124,1,-6.841272885018124
2017-06-30,364738,1.0,8.947465675124576,1,-7.947465675124576
2017-06-16,407499,5.0,6.318873626974215,1,-1.3188736269742147
2017-06-17,407499,5.0,5.4717737234008785,1,-0.47177372340087853
2017-06-18,407499,2.0,3.8791857201661633,1,-1.8791857201661633
2017-06-19,407499,0.0,3.2346480676779255,1,-3.2346480676779255
2017-06-20,407499,3.0,3.1772949135199062,1,-0.17729491351990623
2017-06-21,407499,8.0,4.061522664312646,1,3.938477335687354
2017-06-22,407499,5.0,4.116914441848531,1,0.8830855581514694
2017-06-23,407499,7.0,7.602653782364371,1,-0.6026537823643707
2017-06-24,407499,3.0,6.259215654964299,1,-3.259215654964299
2017-06-25,407499,4.0,4.123364064884317,1,-0.12336406488431706
2017-06-26,407499,6.0,4.18073299056801,1,1.8192670094319903
2017-06-27,407499,6.0,4.1218669601644065,1,1.8781330398355935
2017-06-28,407499,6.0,4.568723313582175,1,1.4312766864178252
2017-06-29,407499,6.0,4.251931440491155,1,1.7480685595088454
2017-06-30,407499,3.0,6.993428230624375,1,-3.9934282306243754
2017-06-16,417765,7.0,5.643889852699078,1,1.3561101473009218
2017-06-17,417765,8.0,5.838377963299584,1,2.1616220367004164
2017-06-18,417765,3.0,4.310719196323338,1,-1.3107191963233378
2017-06-19,417765,3.0,4.089325544214319,1,-1.0893255442143186
2017-06-20,417765,6.0,3.894156936551253,1,2.105843063448747
2017-06-21,417765,0.0,4.120087626321809,1,-4.120087626321809
2017-06-22,417765,6.0,3.7596024785548954,1,2.2403975214451046
2017-06-23,417765,1.0,6.74736732293249,1,-5.74736732293249
2017-06-24,417765,3.0,5.41571327552903,1,-2.41571327552903
2017-06-25,417765,4.0,3.903587819811601,1,0.09641218018839881
2017-06-26,417765,1.0,3.9892736909931643,1,-2.9892736909931643
2017-06-27,417765,8.0,3.6079462519670953,1,4.392053748032905
2017-06-28,417765,0.0,4.062518202065175,1,-4.062518202065175
2017-06-29,417765,3.0,3.486733724776069,1,-0.486733724776069
2017-06-30,417765,6.0,5.546679134898851,1,0.45332086510114866
2017-06-16,557408,5.0,5.912117798548604,1,-0.9121177985486044
2017-06-17,557408,12.0,5.934170670396185,1,6.065829329603815
2017-06-18,557408,3.0,4.801209886370649,1,-1.801209886370649
2017-06-19,557408,5.0,4.1118852100320415,1,0.8881147899679585
2017-06-20,557408,6.0,4.053019179628438,1,1.9469808203715617
2017-06-21,557408,7.0,4.609888540701176,1,2.390111459298824
2017-06-22,557408,1.0,4.476611877726997,1,-3.476611877726997
2017-06-23,557408,3.0,5.693553074760317,1,-2.6935530747603167
2017-06-24,557408,7.0,6.070017783957728,1,0.9299822160422719
2017-06-25,557408,3.0,4.331573639864416,1,-1.3315736398644162
2017-06-26,557408,4.0,4.236952310675099,1,-0.2369523106750986
2017-06-27,557408,8.0,4.1068878303483505,1,3.8931121696516495
2017-06-28,557408,6.0,4.84024196321146,1,1.1597580367885403
2017-06-29,557408,8.0,4.331573639864416,1,3.6684263601355838
2017-06-30,557408,2.0,6.244749027061227,1,-4.244749027061227
2017-06-16,581078,11.0,7.551662898297796,1,3.4483371017022044
2017-06-17,581078,6.0,7.993315636382531,1,-1.9933156363825306
2017-06-18,581078,1.0,5.168564553781046,1,-4.168564553781046
2017-06-19,581078,7.0,4.671001915808268,1,2.328998084191732
2017-06-20,581078,3.0,4.865310933924715,1,-1.8653109339247154
2017-06-21,581078,7.0,5.960270791180023,1,1.0397292088199768
2017-06-22,581078,7.0,5.926472121936707,1,1.0735278780632926
2017-06-23,581078,9.0,8.68765296156568,1,0.31234703843431966
2017-06-24,581078,13.0,8.858698054854766,1,4.1413019451452335
2017-06-25,581078,10.0,6.508319073290862,1,3.4916809267091384
2017-06-26,581078,7.0,6.958570029384083,1,0.041429970615917355
2017-06-27,581078,5.0,6.342019269243615,1,-1.3420192692436146
2017-06-28,581078,2.0,6.889186991810595,1,-4.889186991810595
2017-06-29,581078,6.0,6.379583755647335,1,-0.37958375564733515
2017-06-30,581078,10.0,9.229861035003108,1,0.7701389649968924
2017-06-16,582864,19.223,41.139167003990096,1,-21.916167003990097
2017-06-17,582864,32.944,26.314979428478008,1,6.629020571521995
2017-06-18,582864,18.195,24.900168307011832,1,-6.7051683070118315
2017-06-19,582864,19.415,26.65102256185365,1,-7.236022561853652
2017-06-20,582864,34.901,28.742836383803464,1,6.158163616196539
2017-06-21,582864,21.303,41.385832385448055,1,-20.082832385448054
2017-06-22,582864,23.647,28.07385837240924,1,-4.426858372409242
2017-06-23,582864,44.415,33.44532018957066,1,10.96967981042934
2017-06-24,582864,24.257,30.21592461328827,1,-5.958924613288268
2017-06-25,582864,30.926,24.112996277365042,1,6.8130037226349565
2017-06-26,582864,8.765,24.588840206935938,1,-15.823840206935937
2017-06-27,582864,12.303,23.997588004867126,1,-11.694588004867125
2017-06-28,582864,70.576,24.63019597612765,1,45.94580402387234
2017-06-29,582864,37.443,29.890367903772198,1,7.5526320962278
2017-06-30,582864,39.935,40.6989531126099,1,-0.7639531126098973
2017-06-16,671708,2.84,6.077328414168413,1,-3.237328414168413
2017-06-17,671708,5.131,5.165616210383917,1,-0.034616210383917156
2017-06-18,671708,1.811,3.7063153357138643,1,-1.8953153357138643
2017-06-19,671708,1.499,3.5395825803288052,1,-2.040582580328805
2017-06-20,671708,0.453,3.2872350735850477,1,-2.834235073585048
2017-06-21,671708,0.0,3.2370355547727256,1,-3.2370355547727256
2017-06-22,671708,2.426,3.1027660673726345,1,-0.6767660673726343
2017-06-23,671708,2.397,6.400753377895255,1,-4.003753377895254
2017-06-24,671708,1.119,5.279160186691456,1,-4.160160186691456
2017-06-25,671708,3.172,3.4547686935525586,1,-0.2827686935525584
2017-06-26,671708,2.392,3.7079437420726107,1,-1.3159437420726108
2017-06-27,671708,2.746,3.5345852006451124,1,-0.7885852006451124
2017-06-28,671708,0.45,3.981441554062875,1,-3.5314415540628747
2017-06-29,671708,2.247,3.4547686935525586,1,-1.2077686935525587
2017-06-30,671708,3.165,6.412276502230773,1,-3.247276502230773
2017-06-16,866927,12.0,9.789169376297487,1,2.2108306237025133
2017-06-17,866927,28.0,11.495765465609331,1,16.50423453439067
2017-06-18,866927,8.0,13.656543652781671,1,-5.6565436527816715
2017-06-19,866927,10.0,7.3691189841886295,1,2.6308810158113705
2017-06-20,866927,5.0,7.7635182562621585,1,-2.7635182562621585
2017-06-21,866927,10.0,7.297663640526354,1,2.7023363594736463
2017-06-22,866927,9.0,7.8792669109544775,1,1.1207330890455225
2017-06-23,866927,11.0,12.594775107634339,1,-1.594775107634339
2017-06-24,866927,13.0,11.71324235252666,1,1.2867576474733404
2017-06-25,866927,10.0,8.095349128878777,1,1.9046508711212233
2017-06-26,866927,8.0,7.574399419955951,1,0.42560058004404944
2017-06-27,866927,9.0,6.559586235974978,1,2.4404137640250223
2017-06-28,866927,4.0,7.724968600975232,1,-3.724968600975232
2017-06-29,866927,5.0,6.5200774032997035,1,-1.5200774032997035
2017-06-30,866927,11.0,9.596013054794604,1,1.4039869452053964
2017-06-16,1146496,86.0,68.24682986574655,1,17.753170134253452
2017-06-17,1146496,108.0,171.62861750211354,1,-63.62861750211354
2017-06-18,1146496,64.0,32.09195428238405,1,31.90804571761595
2017-06-19,1146496,18.0,26.828717140848152,1,-8.828717140848152
2017-06-20,1146496,28.0,23.459463117830282,1,4.540536882169718
2017-06-21,1146496,29.0,29.72421737463977,1,-0.7242173746397711
2017-06-22,1146496,19.0,36.252672664887605,1,-17.252672664887605
2017-06-23,1146496,64.0,79.78138983448686,1,-15.781389834486859
2017-06-24,1146496,146.0,170.62474951725338,1,-24.624749517253377
2017-06-25,1146496,29.0,31.74894911825925,1,-2.748949118259251
2017-06-26,1146496,20.0,23.388405232930555,1,-3.3884052329305554
2017-06-27,1146496,16.0,23.835631752022493,1,-7.835631752022493
2017-06-28,1146496,24.0,24.430843659861363,1,-0.4308436598613632
2017-06-29,1146496,9.0,27.72057367937908,1,-18.72057367937908
2017-06-30,1146496,73.0,62.52176872411296,1,10.47823127588704
2017-07-01,105575,8.0,7.800837636655905,2,0.19916236334409465
2017-07-02,105575,4.0,5.376728442126855,2,-1.376728442126855
2017-07-03,105575,1.0,5.0455178152354065,2,-4.0455178152354065
2017-07-04,105575,1.0,4.451726393120206,2,-3.4517263931202056
2017-07-05,105575,1.0,5.013430858776242,2,-4.013430858776242
2017-07-06,105575,0.0,4.053148057090393,2,-4.053148057090393
2017-07-07,105575,0.0,5.667208239208669,2,-5.667208239208669
2017-07-08,105575,0.0,5.466982972640747,2,-5.466982972640747
2017-07-09,105575,0.0,3.808804907415271,2,-3.808804907415271
2017-07-10,105575,0.0,3.912630972890695,2,-3.912630972890695
2017-07-11,105575,0.0,3.8302356763117857,2,-3.8302356763117857
2017-07-12,105575,0.0,4.323888995297959,2,-4.323888995297959
2017-07-13,105575,0.0,3.990540311737148,2,-3.990540311737148
2017-07-14,105575,0.0,5.524636723059109,2,-5.524636723059109
2017-07-15,105575,5.0,5.936125190896895,2,-0.9361251908968953
2017-07-01,115894,2.0,6.268611231145677,2,-4.268611231145677
2017-07-02,115894,15.0,4.545820522209867,2,10.454179477790133
2017-07-03,115894,1.0,5.7568580632695445,2,-4.7568580632695445
2017-07-04,115894,3.0,4.197258146013001,2,-1.1972581460130014
2017-07-05,115894,1.0,4.936411204924254,2,-3.936411204924254
2017-07-06,115894,2.0,4.425613928108226,2,-2.425613928108226
2017-07-07,115894,0.0,5.742702767863616,2,-5.742702767863616
2017-07-08,115894,4.0,5.932251103322284,2,-1.932251103322284
2017-07-09,115894,7.0,4.706903743969608,2,2.293096256030392
2017-07-10,115894,2.0,4.644599106481789,2,-2.644599106481789
2017-07-11,115894,0.0,3.999991000576489,2,-3.999991000576489
2017-07-12,115894,8.0,5.579325828314811,2,2.4206741716851887
2017-07-13,115894,2.0,4.9136058085620125,2,-2.9136058085620125
2017-07-14,115894,1.0,6.099302300326,2,-5.099302300326
2017-07-15,115894,1.0,5.932251103322284,2,-4.932251103322284
2017-07-01,116017,21.0,8.980519034434439,2,12.019480965565561
2017-07-02,116017,4.0,10.127527375813647,2,-6.1275273758136475
2017-07-03,116017,18.0,6.714765546581837,2,11.285234453418163
2017-07-04,116017,3.0,9.496798986105004,2,-6.496798986105004
2017-07-05,116017,4.0,7.827340749047533,2,-3.827340749047533
2017-07-06,116017,14.0,6.842444141914145,2,7.157555858085855
2017-07-07,116017,4.0,10.910146500779911,2,-6.910146500779911
2017-07-08,116017,5.0,8.895076403145277,2,-3.8950764031452767
2017-07-09,116017,11.0,6.302721862729966,2,4.697278137270034
2017-07-10,116017,6.0,7.295473252588691,2,-1.2954732525886907
2017-07-11,116017,4.0,5.3156614712325485,2,-1.3156614712325485
2017-07-12,116017,3.0,6.816675539623148,2,-3.816675539623148
2017-07-13,116017,9.0,5.592326672959207,2,3.4076733270407926
2017-07-14,116017,8.0,7.981867918020208,2,0.018132081979792325
2017-07-15,116017,5.0,8.23252442704836,2,-3.232524427048361
2017-07-01,129635,4.0,12.577827468649714,2,-8.577827468649714
2017-07-02,129635,3.0,8.249617472007372,2,-5.2496174720073725
2017-07-03,129635,9.0,6.531247370837069,2,2.468752629162931
2017-07-04,129635,7.0,6.859082272969352,2,0.1409177270306481
2017-07-05,129635,10.0,7.776864543326035,2,2.2231354566739654
2017-07-06,129635,5.0,7.958026269951123,2,-2.958026269951123
2017-07-07,129635,0.0,10.258709667049853,2,-10.258709667049853
2017-07-08,129635,0.0,10.058646799872497,2,-10.058646799872497
2017-07-09,129635,2.0,6.02010051759246,2,-4.02010051759246
2017-07-10,129635,10.0,6.261126317085097,2,3.738873682914903
2017-07-11,129635,10.0,6.403089669391803,2,3.596910330608197
2017-07-12,129635,8.0,7.8894583421721265,2,0.11054165782787351
2017-07-13,129635,6.0,6.659250741110183,2,-0.6592507411101831
2017-07-14,129635,0.0,9.8027170634723,2,-9.8027170634723
2017-07-15,129635,12.0,9.552992846029086,2,2.4470071539709135
2017-07-01,168930,4.0,6.167116628907321,2,-2.167116628907321
2017-07-02,168930,2.0,4.236937698704211,2,-2.236937698704211
2017-07-03,168930,4.0,4.216270359011332,2,-0.2162703590113324
2017-07-04,168930,3.0,4.065823915762562,2,-1.0658239157625617
2017-07-05,168930,7.0,4.627528381418598,2,2.372471618581402
2017-07-06,168930,5.0,4.449858034281275,2,0.5501419657187254
2017-07-07,168930,4.0,6.4511215546603005,2,-2.4511215546603005
2017-07-08,168930,3.0,6.347381208718337,2,-3.347381208718337
2017-07-09,168930,1.0,4.285979328414632,2,-3.2859793284146317
2017-07-10,168930,0.0,3.700338439523074,2,-3.700338439523074
2017-07-11,168930,1.0,3.9064915287366904,2,-2.9064915287366904
2017-07-12,168930,7.0,4.450079788163381,2,2.5499202118366187
2017-07-13,168930,3.0,4.431741828051931,2,-1.4317418280519307
2017-07-14,168930,0.0,5.567228579060383,2,-5.567228579060383
2017-07-15,168930,5.0,5.7016238590831785,2,-0.7016238590831785
2017-07-01,208384,11.0,20.306566453943294,2,-9.306566453943294
2017-07-02,208384,9.0,11.493732738254424,2,-2.4937327382544243
2017-07-03,208384,9.0,13.457826247382686,2,-4.457826247382686
2017-07-04,208384,6.0,10.91521474570333,2,-4.915214745703331
2017-07-05,208384,13.0,14.002132572066307,2,-1.0021325720663068
2017-07-06,208384,10.0,10.735483838021592,2,-0.735483838021592
2017-07-07,208384,22.0,17.674443691757585,2,4.325556308242415
2017-07-08,208384,18.0,20.010882185086597,2,-2.010882185086597
2017-07-09,208384,12.0,13.251430587153118,2,-1.2514305871531182
2017-07-10,208384,10.0,12.400384701243258,2,-2.400384701243258
2017-07-11,208384,8.0,10.769734003368793,2,-2.769734003368793
2017-07-12,208384,9.0,11.877654391470161,2,-2.877654391470161
2017-07-13,208384,8.0,11.987122576874498,2,-3.987122576874498
2017-07-14,208384,19.0,19.503267611231678,2,-0.5032676112316778
2017-07-15,208384,9.0,20.314237756708412,2,-11.314237756708412
2017-07-01,257847,40.0,90.93082530293141,2,-50.93082530293141
2017-07-02,257847,12.0,52.50500592843534,2,-40.50500592843534
2017-07-03,257847,0.0,48.506652923167714,2,-48.506652923167714
2017-07-04,257847,6.0,48.84283377458885,2,-42.84283377458885
2017-07-05,257847,4.0,88.19365321255732,2,-84.19365321255732
2017-07-06,257847,0.0,35.99055610176999,2,-35.99055610176999
2017-07-07,257847,6.0,69.45724298755724,2,-63.45724298755724
2017-07-08,257847,7.0,53.46837841415329,2,-46.46837841415329
2017-07-09,257847,1.0,31.884102429922937,2,-30.884102429922937
2017-07-10,257847,0.0,25.74958073314953,2,-25.74958073314953
2017-07-11,257847,0.0,23.47525834626599,2,-23.47525834626599
2017-07-12,257847,2.0,35.66134474665957,2,-33.66134474665957
2017-07-13,257847,2.0,27.654220101339863,2,-25.654220101339863
2017-07-14,257847,0.0,37.41230477656684,2,-37.41230477656684
2017-07-15,257847,7.0,31.55887178844858,2,-24.55887178844858
2017-07-01,258268,10.0,7.909280803176305,2,2.090719196823695
2017-07-02,258268,12.0,6.19002959372086,2,5.80997040627914
2017-07-03,258268,3.0,6.293757262213544,2,-3.2937572622135436
2017-07-04,258268,2.0,5.430587681317139,2,-3.4305876813171388
2017-07-05,258268,7.0,6.040216141524197,2,0.9597838584758032
2017-07-06,258268,8.0,5.796505593606508,2,2.2034944063934923
2017-07-07,258268,6.0,9.518361595365914,2,-3.5183615953659135
2017-07-08,258268,7.0,9.294138609171638,2,-2.294138609171638
2017-07-09,258268,12.0,6.188583196017903,2,5.811416803982097
2017-07-10,258268,6.0,6.749749865791094,2,-0.7497498657910944
2017-07-11,258268,4.0,6.657191644758587,2,-2.657191644758587
2017-07-12,258268,4.0,7.129257974771501,2,-3.129257974771501
2017-07-13,258268,6.0,6.114936066989918,2,-0.11493606698991776
2017-07-14,258268,3.0,9.117831098897076,2,-6.117831098897076
2017-07-15,258268,12.0,8.179272314608966,2,3.8207276853910344
2017-07-01,273528,14.0,8.138106838642031,2,5.861893161357969
2017-07-02,273528,12.0,7.285780071409998,2,4.714219928590002
2017-07-03,273528,7.0,7.265112731717119,2,-0.26511273171711913
2017-07-04,273528,7.0,6.866143178464872,2,0.13385682153512768
2017-07-05,273528,2.0,7.198902997707777,2,-5.198902997707777
2017-07-06,273528,4.0,6.562247786246083,2,-2.5622477862460826
2017-07-07,273528,7.0,8.40466334882149,2,-1.4046633488214901
2017-07-08,273528,9.0,8.842883885339297,2,0.15711611466070252
2017-07-09,273528,10.0,7.1547120612118515,2,2.8452879387881485
2017-07-10,273528,3.0,6.439617347191947,2,-3.4396173471919473
2017-07-11,273528,9.0,5.578797703184631,2,3.421202296815369
2017-07-12,273528,13.0,6.966850510820096,2,6.033149489179904
2017-07-13,273528,6.0,7.2749709238937115,2,-1.2749709238937115
2017-07-14,273528,9.0,8.64661493926222,2,0.3533850607377804
2017-07-15,273528,7.0,10.698767761806941,2,-3.6987677618069412
2017-07-01,310644,4.0,10.989334740020887,2,-6.989334740020887
2017-07-02,310644,18.0,7.5124812038890365,2,10.487518796110963
2017-07-03,310644,11.0,11.085748432350607,2,-0.08574843235060747
2017-07-04,310644,8.0,8.796238083048749,2,-0.796238083048749
2017-07-05,310644,6.0,8.845668109127606,2,-2.8456681091276064
2017-07-06,310644,4.0,8.425366437776184,2,-4.425366437776184
2017-07-07,310644,3.0,10.742101392717965,2,-7.742101392717965
2017-07-08,310644,3.0,10.70129056345196,2,-7.701290563451961
2017-07-09,310644,13.0,8.28094074554823,2,4.7190592544517695
2017-07-10,310644,7.0,9.247030083402555,2,-2.2470300834025547
2017-07-11,310644,3.0,7.505844879790408,2,-4.505844879790408
2017-07-12,310644,5.0,7.328262585526023,2,-2.328262585526023
2017-07-13,310644,5.0,7.336324604528885,2,-2.336324604528885
2017-07-14,310644,11.0,9.519239793322294,2,1.4807602066777061
2017-07-15,310644,8.0,10.81069141560527,2,-2.8106914156052696
2017-07-01,311994,31.892,26.46990445611799,2,5.422095543882008
2017-07-02,311994,22.148,17.59767579704259,2,4.550324202957409
2017-07-03,311994,12.822,16.150942985733547,2,-3.3289429857335477
2017-07-04,311994,14.145,12.795674539237556,2,1.3493254607624436
2017-07-05,311994,16.07,15.104826551191353,2,0.9651734488086472
2017-07-06,311994,12.991,14.613507477420628,2,-1.622507477420628
2017-07-07,311994,21.088,21.37036634287838,2,-0.2823663428783796
2017-07-08,311994,25.328,26.152312837648214,2,-0.8243128376482147
2017-07-09,311994,23.789,16.635993659006527,2,7.153006340993475
2017-07-10,311994,15.656,16.38228890687168,2,-0.7262889068716785
2017-07-11,311994,15.597,14.254736492809833,2,1.3422635071901663
2017-07-12,311994,12.035,15.995803383771939,2,-3.960803383771939
2017-07-13,311994,12.593,14.02830899999249,2,-1.4353089999924897
2017-07-14,311994,18.454,21.197248822466104,2,-2.7432488224661036
2017-07-15,311994,35.156,27.803386622362687,2,7.3526133776373115
2017-07-01,315176,26.0,15.76894798982588,2,10.23105201017412
2017-07-02,315176,21.0,17.8895477590048,2,3.110452240995201
2017-07-03,315176,12.0,14.193687654892836,2,-2.1936876548928357
2017-07-04,315176,17.0,11.4763085779209,2,5.5236914220791
2017-07-05,315176,2.0,13.207821638139144,2,-11.207821638139144
2017-07-06,315176,4.0,11.619593855461183,2,-7.619593855461183
2017-07-07,315176,7.0,14.966308987958055,2,-7.966308987958055
2017-07-08,315176,9.0,17.685102735098962,2,-8.685102735098962
2017-07-09,315176,16.0,13.683586714031819,2,2.3164132859681814
2017-07-10,315176,12.0,11.10863990369487,2,0.8913600963051298
2017-07-11,315176,6.0,11.285727161403877,2,-5.2857271614038766
2017-07-12,315176,13.0,9.581487911656092,2,3.418512088343908
2017-07-13,315176,8.0,11.379589343242985,2,-3.3795893432429853
2017-07-14,315176,13.0,13.973842236040651,2,-0.9738422360406513
2017-07-15,315176,10.0,16.648287781051923,2,-6.648287781051923
2017-07-01,329397,13.0,6.215427349447123,2,6.784572650552877
2017-07-02,329397,12.0,5.034652726873701,2,6.965347273126299
2017-07-03,329397,1.0,5.673436892128512,2,-4.673436892128512
2017-07-04,329397,1.0,4.632818717976894,2,-3.6328187179768943
2017-07-05,329397,0.0,4.861078496728513,2,-4.861078496728513
2017-07-06,329397,2.0,4.405181896494566,2,-2.4051818964945664
2017-07-07,329397,8.0,6.324085721232848,2,1.6759142787671522
2017-07-08,329397,11.0,6.9715814054438985,2,4.0284185945561015
2017-07-09,329397,3.0,5.107043618045694,2,-2.1070436180456937
2017-07-10,329397,3.0,4.234386565240676,2,-1.2343865652406762
2017-07-11,329397,5.0,4.307410097311145,2,0.6925899026888551
2017-07-12,329397,3.0,5.1215924501746,2,-2.1215924501746004
2017-07-13,329397,3.0,4.582630489749785,2,-1.5826304897497847
2017-07-14,329397,8.0,6.324085721232848,2,1.6759142787671522
2017-07-15,329397,8.0,7.4154039087028565,2,0.5845960912971435
2017-07-01,360314,2.0,7.539689917758064,2,-5.539689917758064
2017-07-02,360314,2.0,4.683682203380287,2,-2.683682203380287
2017-07-03,360314,1.0,4.663014863687408,2,-3.6630148636874083
2017-07-04,360314,3.0,4.403170973853283,2,-1.4031709738532827
2017-07-05,360314,3.0,5.092389092324018,2,-2.0923890923240176
2017-07-06,360314,2.0,4.759040408763206,2,-2.759040408763206
2017-07-07,360314,1.0,6.2636551488454115,2,-5.2636551488454115
2017-07-08,360314,1.0,6.164655098511557,2,-5.164655098511557
2017-07-09,360314,4.0,4.3817402049567695,2,-0.3817402049567695
2017-07-10,360314,0.0,4.261923792101124,2,-4.261923792101124
2017-07-11,360314,1.0,4.335119827183421,2,-3.335119827183421
2017-07-12,360314,0.0,4.495733221253171,2,-4.495733221253171
2017-07-13,360314,13.0,4.563475609278646,2,8.436524390721354
2017-07-14,360314,1.0,7.8223905893696255,2,-6.8223905893696255
2017-07-15,360314,8.0,6.096603951841695,2,1.9033960481583048
2017-07-01,364738,11.0,9.736395859000575,2,1.2636041409994245
2017-07-02,364738,21.0,9.663615437962454,2,11.336384562037546
2017-07-03,364738,12.0,10.78838958281078,2,1.2116104171892204
2017-07-04,364738,5.0,8.84662252753622,2,-3.846622527536219
2017-07-05,364738,9.0,7.478052869328618,2,1.521947130671382
2017-07-06,364738,3.0,8.014863687718181,2,-5.014863687718181
2017-07-07,364738,13.0,9.567086928180899,2,3.432913071819101
2017-07-08,364738,14.0,12.546154000388485,2,1.4538459996115147
2017-07-09,364738,18.0,10.192970205368447,2,7.807029794631553
2017-07-10,364738,14.0,10.825459140512214,2,3.174540859487786
2017-07-11,364738,5.0,9.32743709280777,2,-4.32743709280777
2017-07-12,364738,1.0,8.878556339631858,2,-7.878556339631858
2017-07-13,364738,11.0,8.543281147596542,2,2.4567188524034584
2017-07-14,364738,7.0,12.697045041979688,2,-5.697045041979688
2017-07-15,364738,28.0,11.260207088467164,2,16.739792911532838
2017-07-01,407499,7.0,6.642861323445838,2,0.357138676554162
2017-07-02,407499,10.0,4.7384377056187885,2,5.2615622943812115
2017-07-03,407499,2.0,5.624528968771388,2,-3.624528968771388
2017-07-04,407499,4.0,4.695658178094209,2,-0.6956581780942086
2017-07-05,407499,3.0,5.0595174048088944,2,-2.0595174048088944
2017-07-06,407499,5.0,4.658117574578221,2,0.3418824254217787
2017-07-07,407499,5.0,7.505860308426013,2,-2.505860308426013
2017-07-08,407499,6.0,6.596768737317642,2,-0.5967687373176416
2017-07-09,407499,5.0,4.731764703606206,2,0.26823529639379373
2017-07-10,407499,5.0,4.7858215125957715,2,0.2141784874042285
2017-07-11,407499,6.0,4.635375069347001,2,1.3646249306529992
2017-07-12,407499,4.0,5.197079535003037,2,-1.197079535003037
2017-07-13,407499,4.0,4.726168721248083,2,-0.726168721248083
2017-07-14,407499,5.0,7.288711340812312,2,-2.288711340812312
2017-07-15,407499,9.0,6.757673653484393,2,2.2423263465156067
2017-07-01,417765,13.0,6.6367272162656965,2,6.3632727837343035
2017-07-02,417765,5.0,5.349408757951821,2,-0.3494087579518208
2017-07-03,417765,5.0,4.753580410805456,2,0.2464195891945442
2017-07-04,417765,4.0,4.937081499837761,2,-0.9370814998377606
2017-07-05,417765,3.0,5.027276303018579,2,-2.0272763030185788
2017-07-06,417765,2.0,4.761978766127629,2,-2.761978766127629
2017-07-07,417765,5.0,6.43538285094083,2,-1.4353828509408304
2017-07-08,417765,7.0,6.750399185352906,2,0.24960081464709383
2017-07-09,417765,6.0,4.649754345330034,2,1.3502456546699664
2017-07-10,417765,1.0,4.753580410805456,2,-3.753580410805456
2017-07-11,417765,7.0,4.241258633763909,2,2.758741366236091
2017-07-12,417765,3.0,5.164838433212721,2,-2.1648384332127213
2017-07-13,417765,6.0,4.693927619457767,2,1.3060723805422327
2017-07-14,417765,8.0,6.7453855880514215,2,1.2546144119485785
2017-07-15,417765,6.0,7.408880635255124,2,-1.408880635255124
2017-07-01,557408,7.0,7.041215207815581,2,-0.04121520781558097
2017-07-02,557408,10.0,4.829400805934207,2,5.170599194065793
2017-07-03,557408,3.0,5.715492069086807,2,-2.7154920690868067
2017-07-04,557408,0.0,4.715548624282173,2,-4.715548624282173
2017-07-05,557408,5.0,4.973031911869095,2,0.026968088130905343
2017-07-06,557408,3.0,4.886642805087782,2,-1.8866428050877824
2017-07-07,557408,2.0,6.5282366204377205,2,-4.5282366204377205
2017-07-08,557408,9.0,6.606685163359082,2,2.3933148366409176
2017-07-09,557408,6.0,5.313755001868214,2,0.6862449981317864
2017-07-10,557408,4.0,4.766220786535584,2,-0.7662207865355839
2017-07-11,557408,0.0,4.340351321156386,2,-4.340351321156386
2017-07-12,557408,5.0,5.013293110547759,2,-0.01329311054775939
2017-07-13,557408,6.0,4.994955150436309,2,1.0050448495636912
2017-07-14,557408,9.0,6.77018821087845,2,2.22981178912155
2017-07-15,557408,2.0,8.11608191048104,2,-6.116081910481039
2017-07-01,581078,15.0,10.400836681913184,2,4.599163318086816
2017-07-02,581078,6.0,7.854839571040031,2,-1.8548395710400314
2017-07-03,581078,0.0,6.096543958844876,2,-6.096543958844876
2017-07-04,581078,7.0,5.940345819989193,2,1.0596541800108072
2017-07-05,581078,10.0,6.853007863585823,2,3.146992136414177
2017-07-06,581078,3.0,7.555550414411665,2,-4.555550414411665
2017-07-07,581078,6.0,8.710818765126515,2,-2.7108187651265148
2017-07-08,581078,2.0,8.68823761001317,2,-6.68823761001317
2017-07-09,581078,1.0,5.6964450473804185,2,-4.6964450473804185
2017-07-10,581078,4.0,5.702850806330274,2,-1.7028508063302743
2017-07-11,581078,3.0,5.581773522937208,2,-2.5817735229372083
2017-07-12,581078,6.0,6.309222386299985,2,-0.309222386299985
2017-07-13,581078,7.0,5.163570382551831,2,1.836429617448169
2017-07-14,581078,6.0,7.485511731433416,2,-1.4855117314334159
2017-07-15,581078,5.0,7.547117353202424,2,-2.547117353202424
2017-07-01,582864,37.483,36.9040920915567,2,0.5789079084432984
2017-07-02,582864,33.96,27.27670382951176,2,6.683296170488241
2017-07-03,582864,31.071,25.064286107461374,2,6.006713892538627
2017-07-04,582864,40.164,31.058786764382145,2,9.105213235617857
2017-07-05,582864,25.449,41.56088317592777,2,-16.11188317592777
2017-07-06,582864,22.78,28.44502403668197,2,-5.66502403668197
2017-07-07,582864,49.594,42.66025433133621,2,6.933745668663789
2017-07-08,582864,27.455,32.05277981680143,2,-4.5977798168014345
2017-07-09,582864,17.08,28.82551617290744,2,-11.745516172907443
2017-07-10,582864,15.015,25.30517779852592,2,-10.29017779852592
2017-07-11,582864,24.957,24.21531387926298,2,0.7416861207370218
2017-07-12,582864,68.291,42.33009743436791,2,25.96090256563209
2017-07-13,582864,20.703,35.19597945293246,2,-14.492979452932463
2017-07-14,582864,34.693,39.754453549645255,2,-5.0614535496452575
2017-07-15,582864,30.3,35.68493463516908,2,-5.384934635169078
2017-07-01,671708,2.707,6.167116628907321,2,-3.460116628907321
2017-07-02,671708,11.31,4.236937698704211,2,7.073062301295789
2017-07-03,671708,3.295,5.092898346772483,2,-1.7978983467724827
2017-07-04,671708,0.712,4.229728765876081,2,-3.5177287658760816
2017-07-05,671708,3.76,4.613984638276901,2,-0.8539846382769012
2017-07-06,671708,0.83,4.31229590408713,2,-3.48229590408713
2017-07-07,671708,11.578,6.668979706562016,2,4.909020293437983
2017-07-08,671708,2.596,7.770014355902827,2,-5.174014355902827
2017-07-09,671708,5.687,4.518715488583627,2,1.1682845114163731
2017-07-10,671708,1.232,4.642283281097473,2,-3.410283281097473
2017-07-11,671708,2.903,3.9064915287366904,2,-1.0034915287366903
2017-07-12,671708,1.236,4.915979173310596,2,-3.6799791733105964
2017-07-13,671708,1.923,4.134847310831914,2,-2.2118473108319137
2017-07-14,671708,3.928,6.884220416243303,2,-2.956220416243303
2017-07-15,671708,2.075,5.879072452338395,2,-3.804072452338395
2017-07-01,866927,14.0,11.745429685847396,2,2.2545703141526037
2017-07-02,866927,8.0,7.939050335344201,2,0.06094966465579876
2017-07-03,866927,16.0,7.062215548901944,2,8.937784451098057
2017-07-04,866927,5.0,8.44636787458793,2,-3.4463678745879296
2017-07-05,866927,10.0,7.300492414304785,2,2.6995075856952147
2017-07-06,866927,7.0,7.708340071847081,2,-0.7083400718470809
2017-07-07,866927,12.0,11.04543369520337,2,0.9545663047966304
2017-07-08,866927,7.0,11.593410822908226,2,-4.5934108229082256
2017-07-09,866927,10.0,7.412005861401871,2,2.5879941385981287
2017-07-10,866927,14.0,8.374721085683161,2,5.625278914316839
2017-07-11,866927,10.0,7.60437929793742,2,2.3956207020625797
2017-07-12,866927,10.0,8.091458011893744,2,1.908541988106256
2017-07-13,866927,8.0,7.640288925177219,2,0.35971107482278075
2017-07-14,866927,6.0,11.702476176073938,2,-5.702476176073938
2017-07-15,866927,5.0,10.44951460424814,2,-5.44951460424814
2017-07-01,1146496,216.0,148.23551747447053,2,67.76448252552947
2017-07-02,1146496,43.0,47.8994876765645,2,-4.8994876765644975
2017-07-03,1146496,18.0,30.082744909086713,2,-12.082744909086713
2017-07-04,1146496,20.0,25.523262516289673,2,-5.523262516289673
2017-07-05,1146496,24.0,29.53523515088676,2,-5.535235150886759
2017-07-06,1146496,14.0,33.50317469608062,2,-19.50317469608062
2017-07-07,1146496,52.0,84.37852711010382,2,-32.37852711010382
2017-07-08,1146496,245.0,169.80126659728157,2,75.19873340271843
2017-07-09,1146496,26.0,36.61128188215071,2,-10.611281882150713
2017-07-10,1146496,16.0,26.518718825303154,2,-10.518718825303154
2017-07-11,1146496,21.0,25.938988357312336,2,-4.938988357312336
2017-07-12,1146496,44.0,26.847992602667485,2,17.152007397332515
2017-07-13,1146496,23.0,39.72473602415789,2,-16.72473602415789
2017-07-14,1146496,46.0,83.69737877419401,2,-37.69737877419401
2017-07-15,1146496,191.0,159.14889953674734,2,31.851100463252664
2017-07-16,105575,11.0,4.4816055855811685,3,6.5183944144188315
2017-07-17,105575,2.0,4.784610042398864,3,-2.784610042398864
2017-07-18,105575,9.0,4.14547585888881,3,4.85452414111119
2017-07-19,105575,5.0,5.180325497006479,3,-0.18032549700647937
2017-07-20,105575,8.0,4.884405598324679,3,3.115594401675321
2017-07-21,105575,4.0,6.876564406082482,3,-2.8765644060824824
2017-07-22,105575,6.0,6.49219244439033,3,-0.49219244439033005
2017-07-23,105575,0.0,5.1334222282485875,3,-5.1334222282485875
2017-07-24,105575,0.0,4.107281492020803,3,-4.107281492020803
2017-07-25,105575,0.0,4.108240123068147,3,-4.108240123068147
2017-07-26,105575,0.0,4.179232482616655,3,-4.179232482616655
2017-07-27,105575,0.0,3.754490466097816,3,-3.754490466097816
2017-07-28,105575,0.0,5.072347637387198,3,-5.072347637387198
2017-07-29,105575,0.0,5.072347637387198,3,-5.072347637387198
2017-07-30,105575,6.0,4.293470552920475,3,1.7065294470795251
2017-07-31,105575,11.0,4.502267517735761,3,6.497732482264239
2017-07-16,115894,8.0,5.518830139267634,3,2.481169860732366
2017-07-17,115894,0.0,4.282957330715127,3,-4.282957330715127
2017-07-18,115894,0.0,3.596071507154239,3,-3.596071507154239
2017-07-19,115894,0.0,4.205258604684779,3,-4.205258604684779
2017-07-20,115894,0.0,3.8088004332223533,3,-3.8088004332223533
2017-07-21,115894,7.0,6.505237563281727,3,0.4947624367182728
2017-07-22,115894,3.0,5.8606137251874335,3,-2.8606137251874335
2017-07-23,115894,10.0,4.491376236111917,3,5.508623763888083
2017-07-24,115894,1.0,4.78754552271608,3,-3.78754552271608
2017-07-25,115894,1.0,4.038511726975873,3,-3.038511726975873
2017-07-26,115894,3.0,5.649273367205054,3,-2.649273367205054
2017-07-27,115894,2.0,4.546203930835596,3,-2.5462039308355964
2017-07-28,115894,2.0,5.637984646826496,3,-3.637984646826496
2017-07-29,115894,5.0,5.637984646826496,3,-0.6379846468264958
2017-07-30,115894,3.0,5.426767651566867,3,-2.426767651566867
2017-07-31,115894,5.0,4.450922067662555,3,0.5490779323374451
2017-07-16,116017,4.0,5.834289082408644,3,-1.8342890824086444
2017-07-17,116017,6.0,5.827162940597329,3,0.1728370594026707
2017-07-18,116017,9.0,4.98595990916088,3,4.01404009083912
2017-07-19,116017,10.0,6.153988867018364,3,3.846011132981636
2017-07-20,116017,10.0,6.942343160290945,3,3.057656839709055
2017-07-21,116017,15.0,8.770591175584888,3,6.229408824415112
2017-07-22,116017,8.0,10.850605220369957,3,-2.850605220369957
2017-07-23,116017,7.0,7.273598224522147,3,-0.2735982245221473
2017-07-24,116017,13.0,7.0345905390583665,3,5.9654094609416335
2017-07-25,116017,14.0,7.591426357051427,3,6.408573642948573
2017-07-26,116017,9.0,8.615015288228077,3,0.3849847117719225
2017-07-27,116017,9.0,7.981472291454688,3,1.018527708545312
2017-07-28,116017,8.0,11.322300464542476,3,-3.322300464542476
2017-07-29,116017,7.0,10.172501117546142,3,-3.172501117546142
2017-07-30,116017,17.0,7.021631137301469,3,9.978368862698531
2017-07-31,116017,4.0,9.57717931671847,3,-5.577179316718469
2017-07-16,129635,7.0,8.001406496448336,3,-1.001406496448336
2017-07-17,129635,9.0,7.154736884746576,3,1.8452631152534238
2017-07-18,129635,5.0,7.179803663065623,3,-2.1798036630656226
2017-07-19,129635,3.0,7.275688464551187,3,-4.275688464551187
2017-07-20,129635,3.0,6.426663864207085,3,-3.426663864207085
2017-07-21,129635,19.0,9.25976447102567,3,9.74023552897433
2017-07-22,129635,34.0,15.284274606859707,3,18.715725393140293
2017-07-23,129635,25.0,13.21759936471951,3,11.78240063528049
2017-07-24,129635,8.0,12.752000327222053,3,-4.752000327222053
2017-07-25,129635,12.0,8.917316889872437,3,3.0826831101275634
2017-07-26,129635,7.0,10.32601277150139,3,-3.3260127715013894
2017-07-27,129635,6.0,10.216926963170208,3,-4.2169269631702075
2017-07-28,129635,14.0,15.889079921840207,3,-1.8890799218402066
2017-07-29,129635,22.0,17.356664928651075,3,4.643335071348925
2017-07-30,129635,11.0,12.33769271144146,3,-1.3376927114414592
2017-07-31,129635,9.0,9.053095219263234,3,-0.05309521926323413
2017-07-16,168930,6.0,4.284331715941033,3,1.7156682840589674
2017-07-17,168930,4.0,4.312615560997444,3,-0.31261556099744414
2017-07-18,168930,5.0,4.043516725977594,3,0.9564832740224061
2017-07-19,168930,0.0,4.817448065124421,3,-4.817448065124421
2017-07-20,168930,3.0,4.022818663746539,3,-1.0228186637465386
2017-07-21,168930,7.0,5.680002953071595,3,1.319997046928405
2017-07-22,168930,6.0,6.11596227270163,3,-0.11596227270162984
2017-07-23,168930,6.0,4.620133710567913,3,1.379866289432087
2017-07-24,168930,0.0,4.305128326303378,3,-4.305128326303378
2017-07-25,168930,0.0,3.4110973040011507,3,-3.4110973040011507
2017-07-26,168930,0.0,4.069147950773683,3,-4.069147950773683
2017-07-27,168930,4.0,4.043480595901131,3,-0.04348059590113085
2017-07-28,168930,4.0,5.700664885226187,3,-1.7006648852261872
2017-07-29,168930,3.0,5.672381040169776,3,-2.6723810401697756
2017-07-30,168930,6.0,4.2637417147052785,3,1.7362582852947215
2017-07-31,168930,3.0,4.304993648095625,3,-1.3049936480956248
2017-07-16,208384,14.0,9.82302788927321,3,4.1769721107267905
2017-07-17,208384,15.0,10.249624575070696,3,4.750375424929304
2017-07-18,208384,10.0,10.104131158642897,3,-0.10413115864289679
2017-07-19,208384,12.0,11.40002735575385,3,0.5999726442461508
2017-07-20,208384,17.0,9.994455732616572,3,7.005544267383428
2017-07-21,208384,17.0,20.06210342580302,3,-3.06210342580302
2017-07-22,208384,16.0,17.81766935655866,3,-1.8176693565586604
2017-07-23,208384,17.0,11.574670928629931,3,5.425329071370069
2017-07-24,208384,8.0,11.560947028432967,3,-3.5609470284329667
2017-07-25,208384,9.0,9.545244217453687,3,-0.5452442174536873
2017-07-26,208384,10.0,10.51647583564646,3,-0.5164758356464603
2017-07-27,208384,5.0,10.154311245508405,3,-5.154311245508405
2017-07-28,208384,10.0,16.98277877318379,3,-6.982778773183789
2017-07-29,208384,11.0,14.045011949005795,3,-3.0450119490057954
2017-07-30,208384,12.0,9.480827668341567,3,2.5191723316584334
2017-07-31,208384,11.0,9.175895837282582,3,1.8241041627174184
2017-07-16,257847,1.0,13.08267848841375,3,-12.08267848841375
2017-07-17,257847,1.0,14.634294358157103,3,-13.634294358157103
2017-07-18,257847,0.0,7.454706429738987,3,-7.454706429738987
2017-07-19,257847,2.0,22.689711699940627,3,-20.689711699940627
2017-07-20,257847,0.0,15.19883797257101,3,-15.19883797257101
2017-07-21,257847,1.0,21.783273776895744,3,-20.783273776895744
2017-07-22,257847,2.0,22.02415452564856,3,-20.02415452564856
2017-07-23,257847,3.0,11.603066819765058,3,-8.603066819765058
2017-07-24,257847,1.0,11.42908474046884,3,-10.42908474046884
2017-07-25,257847,0.0,7.64372444447305,3,-7.64372444447305
2017-07-26,257847,0.0,15.593822674819073,3,-15.593822674819073
2017-07-27,257847,0.0,14.538893667909216,3,-14.538893667909216
2017-07-28,257847,0.0,20.145620630158565,3,-20.145620630158565
2017-07-29,257847,1.0,17.94450508667877,3,-16.94450508667877
2017-07-30,257847,1.0,10.182738676424362,3,-9.182738676424362
2017-07-31,257847,0.0,7.646648336963263,3,-7.646648336963263
2017-07-16,258268,13.0,7.242877021890868,3,5.757122978109132
2017-07-17,258268,6.0,7.142990627000845,3,-1.1429906270008452
2017-07-18,258268,7.0,6.544953033718922,3,0.45504696628107766
2017-07-19,258268,11.0,7.25350603896979,3,3.74649396103021
2017-07-20,258268,13.0,7.134268232287089,3,5.865731767712911
2017-07-21,258268,8.0,12.13546187205801,3,-4.135461872058009
2017-07-22,258268,15.0,11.308022509325234,3,3.691977490674766
2017-07-23,258268,14.0,8.982291598755534,3,5.017708401244466
2017-07-24,258268,5.0,8.570343084318017,3,-3.570343084318017
2017-07-25,258268,9.0,7.621803320365138,3,1.3781966796348621
2017-07-26,258268,8.0,8.965244331357338,3,-0.9652443313573382
2017-07-27,258268,5.0,8.169580752160362,3,-3.1695807521603623
2017-07-28,258268,4.0,10.880236365499572,3,-6.880236365499572
2017-07-29,258268,12.0,10.48715837740112,3,1.5128416225988808
2017-07-30,258268,9.0,7.884628191973383,3,1.1153718080266168
2017-07-31,258268,8.0,7.013892144671986,3,0.9861078553280143
2017-07-16,273528,8.0,7.049438494473957,3,0.9505615055260428
2017-07-17,273528,6.0,6.699122785686452,3,-0.6991227856864519
2017-07-18,273528,4.0,6.490090884957715,3,-2.4900908849577146
2017-07-19,273528,4.0,7.108528407576247,3,-3.108528407576247
2017-07-20,273528,6.0,5.908407321248804,3,0.09159267875119603
2017-07-21,273528,9.0,7.847097771781073,3,1.1529022282189274
2017-07-22,273528,13.0,8.60600677706979,3,4.393993222930209
2017-07-23,273528,15.0,7.018572495622257,3,7.981427504377743
2017-07-24,273528,7.0,7.243069468355862,3,-0.24306946835586185
2017-07-25,273528,7.0,6.4433207563301025,3,0.5566792436698975
2017-07-26,273528,0.0,7.844313320881425,3,-7.844313320881425
2017-07-27,273528,8.0,6.295727886501252,3,1.7042721134987477
2017-07-28,273528,4.0,10.308417912382794,3,-6.308417912382794
2017-07-29,273528,13.0,9.065202095004599,3,3.934797904995401
2017-07-30,273528,8.0,7.475430767325993,3,0.5245692326740068
2017-07-31,273528,9.0,6.315403170593286,3,2.684596829406714
2017-07-16,310644,9.0,8.767002531699577,3,0.23299746830042345
2017-07-17,310644,7.0,7.981876521040103,3,-0.9818765210401033
2017-07-18,310644,4.0,8.034679818965705,3,-4.034679818965705
2017-07-19,310644,9.0,7.917093662818166,3,1.082906337181834
2017-07-20,310644,11.0,7.948992039997876,3,3.0510079600021243
2017-07-21,310644,17.0,12.05263927994735,3,4.94736072005265
2017-07-22,310644,15.0,14.035084259294837,3,0.9649157407051625
2017-07-23,310644,19.0,10.024540154549209,3,8.975459845450791
2017-07-24,310644,13.0,11.458514635291754,3,1.5414853647082456
2017-07-25,310644,9.0,9.705310792569348,3,-0.7053107925693478
2017-07-26,310644,14.0,10.346239476368186,3,3.6537605236318136
2017-07-27,310644,9.0,10.27454055047948,3,-1.2745405504794807
2017-07-28,310644,11.0,15.053514207118162,3,-4.0535142071181625
2017-07-29,310644,8.0,14.919988572681687,3,-6.919988572681687
2017-07-30,310644,15.0,10.422557508186841,3,4.577442491813159
2017-07-31,310644,16.0,10.347327501549143,3,5.6526724984508565
2017-07-16,311994,22.581,18.17378024086165,3,4.40721975913835
2017-07-17,311994,12.857,16.030172357544775,3,-3.1731723575447752
2017-07-18,311994,15.535,13.27504272833931,3,2.2599572716606904
2017-07-19,311994,20.493,15.548013808003839,3,4.9449861919961595
2017-07-20,311994,14.504,15.545657324899235,3,-1.0416573248992353
2017-07-21,311994,24.872,21.61971740496053,3,3.252282595039471
2017-07-22,311994,35.46,26.38978433172055,3,9.070215668279452
2017-07-23,311994,53.018,17.97610577430903,3,35.04189422569097
2017-07-24,311994,18.648,28.44923368693676,3,-9.801233686936762
2017-07-25,311994,12.478,17.52982897890028,3,-5.05182897890028
2017-07-26,311994,16.892,17.447085525159213,3,-0.5550855251592139
2017-07-27,311994,18.201,16.584617901328727,3,1.6163820986712736
2017-07-28,311994,29.236,24.94753554319615,3,4.288464456803851
2017-07-29,311994,31.352,32.13918822793178,3,-0.7871882279317823
2017-07-30,311994,21.775,21.201416948617194,3,0.5735830513828049
2017-07-31,311994,18.203,15.787983826348064,3,2.415016173651935
2017-07-16,315176,33.0,11.51948081866187,3,21.48051918133813
2017-07-17,315176,14.0,15.671291843203141,3,-1.6712918432031412
2017-07-18,315176,1.0,11.216680420705261,3,-10.216680420705261
2017-07-19,315176,0.0,10.526308184637713,3,-10.526308184637713
2017-07-20,315176,4.0,10.29514348216079,3,-6.295143482160791
2017-07-21,315176,18.0,14.13205172140492,3,3.8679482785950796
2017-07-22,315176,23.0,18.747583460149677,3,4.252416539850323
2017-07-23,315176,38.0,15.643065210502161,3,22.35693478949784
2017-07-24,315176,31.0,16.47981712928281,3,14.52018287071719
2017-07-25,315176,6.0,16.447421195746717,3,-10.447421195746717
2017-07-26,315176,8.0,12.852508195886005,3,-4.852508195886005
2017-07-27,315176,2.0,12.607430012564942,3,-10.607430012564942
2017-07-28,315176,0.0,17.240964670855025,3,-17.240964670855025
2017-07-29,315176,16.0,17.25090544552889,3,-1.2509054455288897
2017-07-30,315176,26.0,16.14232147746399,3,9.857678522536009
2017-07-31,315176,7.0,15.210352687644853,3,-8.210352687644853
2017-07-16,329397,3.0,5.272573122736466,3,-2.272573122736466
2017-07-17,329397,11.0,4.535806795422103,3,6.464193204577897
2017-07-18,329397,6.0,5.121561063829702,3,0.8784389361702978
2017-07-19,329397,3.0,5.436640673434555,3,-2.436640673434555
2017-07-20,329397,9.0,5.010257047125733,3,3.989742952874267
2017-07-21,329397,5.0,8.589190629923442,3,-3.5891906299234417
2017-07-22,329397,5.0,7.5053349752148435,3,-2.5053349752148435
2017-07-23,329397,6.0,5.033374511641438,3,0.9666254883585621
2017-07-24,329397,3.0,5.421149545680331,3,-2.421149545680331
2017-07-25,329397,3.0,4.503366821954824,3,-1.503366821954824
2017-07-26,329397,4.0,5.113286196818609,3,-1.113286196818609
2017-07-27,329397,5.0,4.8383370470234865,3,0.16166295297651345
2017-07-28,329397,3.0,6.389803930214588,3,-3.3898039302145877
2017-07-29,329397,4.0,6.4853835245614935,3,-2.4853835245614935
2017-07-30,329397,5.0,4.784401594108603,3,0.2155984058913969
2017-07-31,329397,4.0,4.548911131454571,3,-0.5489111314545712
2017-07-16,360314,1.0,4.782821039643023,3,-3.7828210396430233
2017-07-17,360314,2.0,4.269949969090033,3,-2.2699499690900327
2017-07-18,360314,6.0,4.29061515776521,3,1.7093848422347904
2017-07-19,360314,1.0,5.3831488178879665,3,-4.3831488178879665
2017-07-20,360314,6.0,4.790186042882755,3,1.2098139571172446
2017-07-21,360314,2.0,6.034418834668084,3,-4.034418834668084
2017-07-22,360314,3.0,5.760720057260966,3,-2.760720057260966
2017-07-23,360314,5.0,4.536629401825233,3,0.4633705981747669
2017-07-24,360314,5.0,4.628868806292744,3,0.37113119370725567
2017-07-25,360314,3.0,4.5534133920698245,3,-1.5534133920698245
2017-07-26,360314,2.0,5.008301039674931,3,-3.0083010396749312
2017-07-27,360314,1.0,4.9261864942132085,3,-3.9261864942132085
2017-07-28,360314,2.0,5.617109814624076,3,-3.617109814624076
2017-07-29,360314,2.0,5.839977535477585,3,-3.839977535477585
2017-07-30,360314,8.0,4.45913191970646,3,3.5408680802935404
2017-07-31,360314,7.0,4.805606893632792,3,2.194393106367208
2017-07-16,364738,26.0,16.036388250514158,3,9.963611749485842
2017-07-17,364738,16.0,14.48495499874501,3,1.5150450012549896
2017-07-18,364738,20.0,10.74933740005407,3,9.25066259994593
2017-07-19,364738,5.0,14.651737859210536,3,-9.651737859210536
2017-07-20,364738,14.0,11.016253354452,3,2.983746645548001
2017-07-21,364738,10.0,17.40593435015094,3,-7.40593435015094
2017-07-22,364738,16.0,16.919889320144268,3,-0.9198893201442679
2017-07-23,364738,50.0,13.813807486894113,3,36.18619251310589
2017-07-24,364738,31.0,20.70751733739851,3,10.29248266260149
2017-07-25,364738,8.0,18.106339575205403,3,-10.106339575205403
2017-07-26,364738,22.0,12.283076325099561,3,9.716923674900439
2017-07-27,364738,17.0,15.224925722774756,3,1.7750742772252437
2017-07-28,364738,14.0,18.704670159545017,3,-4.704670159545017
2017-07-29,364738,20.0,19.20603447165071,3,0.7939655283492897
2017-07-30,364738,36.0,17.18803396160251,3,18.81196603839749
2017-07-31,364738,18.0,17.441689146805732,3,0.5583108531942678
2017-07-16,407499,2.0,5.162536895790689,3,-3.162536895790689
2017-07-17,407499,2.0,4.59963299900519,3,-2.5996329990051903
2017-07-18,407499,3.0,4.453902091053709,3,-1.4539020910537088
2017-07-19,407499,2.0,5.029812821943016,3,-3.0298128219430156
2017-07-20,407499,5.0,4.407932650593501,3,0.5920673494064994
2017-07-21,407499,11.0,7.198903611635322,3,3.8010963883646776
2017-07-22,407499,10.0,7.378264366031091,3,2.6217356339689086
2017-07-23,407499,6.0,5.0572017223218495,3,0.9427982776781505
2017-07-24,407499,8.0,4.827070570025783,3,3.172929429974217
2017-07-25,407499,10.0,5.463611973169581,3,4.536388026830419
2017-07-26,407499,5.0,6.467992251648223,3,-1.467992251648223
2017-07-27,407499,7.0,5.864554203395955,3,1.1354457966040448
2017-07-28,407499,9.0,8.961961914257513,3,0.03803808574248713
2017-07-29,407499,12.0,9.0044389822154,3,2.995561017784601
2017-07-30,407499,7.0,6.304479468141433,3,0.6955205318585671
2017-07-31,407499,3.0,5.821920814321959,3,-2.8219208143219587
2017-07-16,417765,7.0,4.815129240840466,3,2.1848707591595344
2017-07-17,417765,4.0,4.815129240840466,3,-0.8151292408404656
2017-07-18,417765,2.0,4.864639944921687,3,-2.864639944921687
2017-07-19,417765,4.0,5.027996583892706,3,-1.0279965838927057
2017-07-20,417765,3.0,4.7920117763247605,3,-1.7920117763247605
2017-07-21,417765,6.0,6.2208423203418475,3,-0.22084232034184748
2017-07-22,417765,17.0,6.297974231952411,3,10.702025768047589
2017-07-23,417765,11.0,6.891743445418019,3,4.108256554581981
2017-07-24,417765,2.0,5.7873333584398186,3,-3.7873333584398186
2017-07-25,417765,2.0,5.202482440995851,3,-3.202482440995851
2017-07-26,417765,5.0,5.71785817682896,3,-0.71785817682896
2017-07-27,417765,3.0,5.559005280871578,3,-2.5590052808715784
2017-07-28,417765,4.0,7.581053804023737,3,-3.581053804023737
2017-07-29,417765,5.0,7.321201698826815,3,-2.3212016988268154
2017-07-30,417765,3.0,5.084282808236709,3,-2.0842828082367086
2017-07-31,417765,3.0,4.575820018320331,3,-1.5758200183203313
2017-07-16,557408,5.0,4.798489430967901,3,0.20151056903209863
2017-07-17,557408,4.0,4.945400196503699,3,-0.9454001965036989
2017-07-18,557408,0.0,4.322970188664138,3,-4.322970188664138
2017-07-19,557408,0.0,4.568459342232274,3,-4.568459342232274
2017-07-20,557408,0.0,3.7598340396320524,3,-3.7598340396320524
2017-07-21,557408,6.0,5.622762853730528,3,0.37723714626947213
2017-07-22,557408,7.0,6.026923079058411,3,0.9730769209415886
2017-07-23,557408,12.0,4.494627520248225,3,7.505372479751775
2017-07-24,557408,2.0,5.196648359012954,3,-3.196648359012954
2017-07-25,557408,5.0,4.1921432967322305,3,0.8078567032677695
2017-07-26,557408,8.0,5.239057334788175,3,2.760942665211825
2017-07-27,557408,4.0,5.2196919665286945,3,-1.2196919665286945
2017-07-28,557408,4.0,6.603601844802592,3,-2.6036018448025917
2017-07-29,557408,5.0,6.560113791597512,3,-1.5601137915975123
2017-07-30,557408,4.0,5.116693926842506,3,-1.1166939268425056
2017-07-31,557408,8.0,4.745675690362723,3,3.254324309637277
2017-07-16,581078,2.0,5.289228633092935,3,-3.289228633092935
2017-07-17,581078,7.0,5.098829814352058,3,1.901170185647942
2017-07-18,581078,3.0,5.11024528070542,3,-2.1102452807054197
2017-07-19,581078,6.0,5.785154427550803,3,0.2148455724491969
2017-07-20,581078,6.0,5.375918950470956,3,0.6240810495290443
2017-07-21,581078,7.0,6.865449894154278,3,0.13455010584572236
2017-07-22,581078,7.0,7.077909741164091,3,-0.077909741164091
2017-07-23,581078,9.0,5.316898493776088,3,3.6831015062239123
2017-07-24,581078,3.0,6.1018406735199076,3,-3.1018406735199076
2017-07-25,581078,7.0,5.361525191163925,3,1.638474808836075
2017-07-26,581078,7.0,6.384902353962074,3,0.6150976460379258
2017-07-27,581078,5.0,5.942023018476743,3,-0.9420230184767426
2017-07-28,581078,11.0,7.900983783701616,3,3.0990162162983843
2017-07-29,581078,9.0,9.617528697158363,3,-0.6175286971583631
2017-07-30,581078,5.0,6.655035681601667,3,-1.6550356816016674
2017-07-31,581078,6.0,5.855332701098722,3,0.14466729890127805
2017-07-16,582864,11.276,25.998421287773287,3,-14.722421287773287
2017-07-17,582864,24.663,25.93733850546972,3,-1.2743385054697214
2017-07-18,582864,35.034,30.598674687566312,3,4.435325312433687
2017-07-19,582864,32.539,31.248912305850528,3,1.2900876941494737
2017-07-20,582864,28.489,26.162946034143907,3,2.3260539658560937
2017-07-21,582864,60.26,45.84303205533319,3,14.416967944666808
2017-07-22,582864,22.177,34.78878986983654,3,-12.611789869836542
2017-07-23,582864,26.724,23.109419619521656,3,3.614580380478344
2017-07-24,582864,19.443,26.275419139717577,3,-6.832419139717576
2017-07-25,582864,51.0,26.76869587689324,3,24.23130412310676
2017-07-26,582864,34.009,46.67786520455183,3,-12.668865204551828
2017-07-27,582864,49.331,28.0187883902642,3,21.312211609735805
2017-07-28,582864,36.799,50.48055202198923,3,-13.681552021989233
2017-07-29,582864,29.195,32.21681326148315,3,-3.021813261483153
2017-07-30,582864,43.703,24.843310577873122,3,18.85968942212688
2017-07-31,582864,20.721,32.14216156363633,3,-11.421161563636328
2017-07-16,671708,3.834,4.303777968016165,3,-0.4697779680161651
2017-07-17,671708,2.979,4.194216233308698,3,-1.2152162333086975
2017-07-18,671708,3.874,3.9482019892486746,3,-0.0742019892486745
2017-07-19,671708,2.099,4.597482395101815,3,-2.4984823951018145
2017-07-20,671708,1.358,4.1609309153167855,3,-2.8029309153167854
2017-07-21,671708,5.296,6.631761379368518,3,-1.3357613793685177
2017-07-22,671708,3.162,5.77011843570393,3,-2.60811843570393
2017-07-23,671708,5.507,4.222500078365109,3,1.2844999216348905
2017-07-24,671708,3.228,4.312615560997444,3,-1.084615560997444
2017-07-25,671708,13.107,4.064178658132186,3,9.042821341867814
2017-07-26,671708,2.926,5.329800768654555,3,-2.4038007686545546
2017-07-27,671708,4.02,4.517394842098258,3,-0.49739484209825857
2017-07-28,671708,3.33,7.142179188440808,3,-3.8121791884408083
2017-07-29,671708,3.253,6.046508722223887,3,-2.793508722223887
2017-07-30,671708,3.305,4.763140007099984,3,-1.4581400070999835
2017-07-31,671708,2.228,4.55068016009017,3,-2.32268016009017
2017-07-16,866927,6.0,7.038919208280563,3,-1.0389192082805634
2017-07-17,866927,10.0,7.562409426492659,3,2.4375905735073413
2017-07-18,866927,9.0,6.441320380136465,3,2.5586796198635353
2017-07-19,866927,11.0,7.141332713138591,3,3.858667286861409
2017-07-20,866927,5.0,6.594895477707867,3,-1.5948954777078672
2017-07-21,866927,5.0,9.76653666033179,3,-4.76653666033179
2017-07-22,866927,15.0,8.464845797690803,3,6.535154202309197
2017-07-23,866927,22.0,7.638460378139171,3,14.361539621860828
2017-07-24,866927,4.0,10.681781532313607,3,-6.681781532313607
2017-07-25,866927,10.0,7.25097823771291,3,2.7490217622870903
2017-07-26,866927,8.0,8.143908234168393,3,-0.14390823416839282
2017-07-27,866927,4.0,7.4492614670336925,3,-3.4492614670336925
2017-07-28,866927,13.0,10.432780438553996,3,2.567219561446004
2017-07-29,866927,11.0,12.284963607588056,3,-1.2849636075880557
2017-07-30,866927,8.0,7.893701741458149,3,0.10629825854185082
2017-07-31,866927,8.0,7.106175790295966,3,0.8938242097040341
2017-07-16,1146496,31.0,42.336926559163715,3,-11.336926559163715
2017-07-17,1146496,16.0,24.654995748891626,3,-8.654995748891626
2017-07-18,1146496,27.0,23.026778138458702,3,3.9732218615412975
2017-07-19,1146496,23.0,28.542550096077267,3,-5.542550096077267
2017-07-20,1146496,33.0,30.116301941803354,3,2.8836980581966465
2017-07-21,1146496,79.0,65.24982042593595,3,13.750179574064049
2017-07-22,1146496,285.0,180.10713265585883,3,104.89286734414117
2017-07-23,1146496,154.0,48.29117844058177,3,105.70882155941823
2017-07-24,1146496,24.0,37.8492018754236,3,-13.849201875423603
2017-07-25,1146496,16.0,23.894145392903486,3,-7.894145392903486
2017-07-26,1146496,16.0,28.124090449533227,3,-12.124090449533227
2017-07-27,1146496,24.0,31.636224190940617,3,-7.6362241909406166
2017-07-28,1146496,36.0,83.89879573016138,3,-47.89879573016138
2017-07-29,1146496,119.0,153.49962352435168,3,-34.49962352435168
2017-07-30,1146496,24.0,53.710386507730554,3,-29.710386507730554
2017-07-31,1146496,24.0,31.3334805873555,3,-7.333480587355499
