item_nbr,LightGBM,Naive,Seasonal Naive,Improvement_over_Seasonal
273528,0.3684715954027816,0.3984375,0.5859375,0.21746590459721837
105575,0.508049604899073,0.7142857142857143,0.6890756302521008,0.1810260253530278
1146496,0.3349626639322748,0.7474402730375427,0.5068259385665529,0.17186327463427808
557408,0.2892654546670867,0.4533333333333333,0.4533333333333333,0.1640678786662466
582864,0.4673161552611504,0.8847245953330197,0.6170789688730408,0.14976281361189042
315176,0.4781309437359062,0.6208333333333333,0.6041666666666666,0.12603572293076043
360314,0.4757883018557827,0.7083333333333334,0.5972222222222222,0.12143392036643952
364738,0.4895220095912769,0.5410628019323671,0.6038647342995169,0.11434272470824003
581078,0.3026933369016943,0.4452554744525547,0.4087591240875912,0.10606578718589688
407499,0.43213882399865,0.6033057851239669,0.5289256198347108,0.09678679583606076
417765,0.5239507805260272,0.821917808219178,0.6164383561643836,0.09248757563835641
116017,0.4300892867489722,0.5660377358490566,0.5220125786163522,0.09192329186738002
311994,0.2591645205377879,0.4259479473169853,0.3440127761342659,0.08484825559647802
129635,0.4528538198482262,0.7137404580152672,0.5343511450381679,0.08149732518994174
258268,0.558322698018963,0.7129629629629629,0.6388888888888888,0.08056619086992589
310644,0.3641342084459688,0.5145228215767634,0.4149377593360996,0.05080355089013083
115894,0.5599920480540458,0.6891891891891891,0.5945945945945946,0.03460254654054884
168930,0.7328902241593274,0.6623376623376623,0.7662337662337663,0.0333435420744389
329397,0.6927961136312266,0.912280701754386,0.7017543859649122,0.008958272333685624
866927,0.3512873722726685,0.5104166666666666,0.359375,0.008087627727331514
208384,0.3412694334199216,0.2983193277310924,0.315126050420168,-0.026143382999753606
671708,0.8920891692816015,0.6893977215994193,0.760268687877275,-0.13182048140432656
257847,9.917099182050272,2.0,2.1333333333333333,-7.783765848716939
