MAE,RMSE,WMAPE,Fold,Model
17.45153188405797,63.917471906561566,0.6352383729745031,1,Naive
18.82501449275362,82.44106768989153,0.685233345533538,1,Seasonal Naive
12.894898605054202,40.701861213659036,0.46937623951675156,1,LightGBM
13.518455583135632,40.13455910975515,0.492073806861839,1,PyTorch LSTM
14.83999275362319,49.28448160791457,0.6687201235509295,2,Naive
17.303381159420287,77.67141911079975,0.7797253933261704,2,Seasonal Naive
9.200443618677248,24.838370491045605,0.4145906197900986,2,LightGBM
9.196665132080991,26.29481071503995,0.4144203535328682,2,PyTorch LSTM
16.469727536231886,57.52176415966899,0.6535370879792343,3,Naive
16.84725652173913,51.1920209692623,0.6685178575926586,3,Seasonal Naive
10.411834434511254,29.53221412379718,0.41315315884146137,3,LightGBM
11.688169148832127,32.78359112602409,0.4637995384278303,3,PyTorch LSTM
9.791502898550725,29.89450349462013,0.6764984923781814,4,Naive
10.576207246376812,39.600125223835825,0.7307140008417009,4,Seasonal Naive
6.882058497386142,20.624362486059532,0.4754839217408887,4,LightGBM
7.231220535171205,20.894702290853093,0.4996076537771883,4,PyTorch LSTM
8.2601884057971,19.702397094210923,0.6406609558460523,5,Naive
8.462346376811595,26.284533922723124,0.6563403462642114,5,Seasonal Naive
5.327670265275132,10.528222051204384,0.4132145850557489,5,LightGBM
6.2047698339832005,12.350145686307616,0.48124250650924827,5,PyTorch LSTM
7.100423188405796,20.722379666102224,0.662118113804279,6,Naive
6.185326086956522,14.239130256526163,0.5767848384934879,6,Seasonal Naive
5.609090875958036,11.208026420250897,0.5230506087313895,6,LightGBM
5.1095933870307775,10.46544949665083,0.47647221101580983,6,PyTorch LSTM
8.704179710144928,22.846539196262892,0.6425823106490763,Test,Naive
7.062110144927536,18.194832130604272,0.5213572336628904,Test,Seasonal Naive
5.906428198857337,11.74178544749476,0.4360395127505261,Test,LightGBM
5.308951845633465,10.25646195675416,0.3919310788259252,Test,PyTorch LSTM
