MAE,RMSE,WMAPE,item_nbr,Model
5.666666666666667,8.314645713037528,0.7142857142857143,105575,Naive
5.466666666666667,7.033254343948231,0.6890756302521008,105575,Seasonal Naive
4.030311176316155,5.992862111314681,0.5080224171827086,105575,LightGBM
2.6517038583755492,4.864699216669264,0.334248385509523,105575,PyTorch LSTM
3.4,4.9866488413228645,0.6891891891891891,115894,Naive
2.933333333333333,4.760952285695233,0.5945945945945946,115894,Seasonal Naive
2.762764640280754,4.429919565105026,0.560019859516369,115894,LightGBM
3.3477766593297322,4.949878661122775,0.6786033768911619,115894,PyTorch LSTM
6.0,8.082903768654761,0.5660377358490566,116017,Naive
5.533333333333333,6.865372046242894,0.5220125786163522,116017,Seasonal Naive
4.558945630263426,6.166783178827925,0.43008921040221,116017,LightGBM
4.340530268351237,5.524139135560369,0.40948398758030535,116017,PyTorch LSTM
12.466666666666667,17.07825127659933,0.7137404580152672,129635,Naive
9.333333333333334,14.742229591663987,0.5343511450381679,129635,Seasonal Naive
7.909844918577443,12.00635724507133,0.452853716712449,129635,LightGBM
8.704428418477375,13.119691688986576,0.4983451384624452,129635,PyTorch LSTM
3.4,5.196152422706632,0.6623376623376623,168930,Naive
3.933333333333333,5.2977982848223535,0.7662337662337663,168930,Seasonal Naive
3.76377395855927,5.07055925209553,0.7332027191998578,168930,LightGBM
3.377365231513977,4.1648842858947095,0.6579282918533722,168930,PyTorch LSTM
4.733333333333333,8.683317338436964,0.29831932773109243,208384,Naive
5.0,7.99583224769838,0.31512605042016806,208384,Seasonal Naive
5.414808048964088,7.335516614590075,0.3412694148506778,208384,LightGBM
3.1323707580566404,5.083570166546585,0.1974183250876034,208384,PyTorch LSTM
2.0,5.477225575051661,2.0,257847,Naive
2.1333333333333333,5.48938369339704,2.1333333333333333,257847,Seasonal Naive
9.917112512368995,10.321874244413905,9.917112512368995,257847,LightGBM
2.5580989758173627,2.97514610820238,2.5580989758173627,257847,PyTorch LSTM
5.133333333333334,5.882176467941097,0.7129629629629629,258268,Naive
4.6,6.016643582596529,0.6388888888888888,258268,Seasonal Naive
4.019923227764716,4.858728324602738,0.5583226705228772,258268,LightGBM
3.725006866455078,4.517922434576458,0.5173620647854276,258268,PyTorch LSTM
3.4,4.640402281411961,0.3984375,273528,Naive
5.0,6.276941930590086,0.5859375,273528,Seasonal Naive
3.144291806608874,4.017837188003276,0.3684716960869774,273528,LightGBM
2.9485909144083657,3.9267814781808745,0.3455379977822304,273528,PyTorch LSTM
8.266666666666667,9.04064894425911,0.5145228215767634,310644,Naive
6.666666666666667,8.270429251254134,0.4149377593360996,310644,Seasonal Naive
5.850422226397398,6.907120872641837,0.3641341634687177,310644,LightGBM
5.81367925008138,6.398366627324798,0.36184725622913155,310644,PyTorch LSTM
10.721933333333334,16.28659799344234,0.4259479473169853,311994,Naive
8.659466666666667,14.223874568250851,0.3440127761342659,311994,Seasonal Naive
6.52367235454609,11.143184003823814,0.25916453329817424,311994,LightGBM
8.179565274047853,12.728499868682066,0.3249478363752163,311994,PyTorch LSTM
9.933333333333334,12.84523257866513,0.6208333333333333,315176,Naive
9.666666666666666,11.693302926604327,0.6041666666666666,315176,Seasonal Naive
7.650097536499266,10.190498561549443,0.47813109603120413,315176,LightGBM
6.6363019943237305,8.988923908237782,0.41476887464523315,315176,PyTorch LSTM
3.466666666666667,4.273952113286562,0.9122807017543859,329397,Naive
2.6666666666666665,3.521363372331802,0.7017543859649122,329397,Seasonal Naive
2.629183811671068,3.2649243274175923,0.6918904767555442,329397,LightGBM
3.2192646821339923,3.720221236911663,0.8471749163510507,329397,PyTorch LSTM
3.4,3.872983346207417,0.7083333333333334,360314,Naive
2.8666666666666667,3.8901585229053754,0.5972222222222222,360314,Seasonal Naive
2.284064853253815,2.7477629197754663,0.4758468444278781,360314,LightGBM
2.864590295155843,3.462623650519071,0.596789644824134,360314,PyTorch LSTM
7.466666666666667,8.516650358758033,0.5410628019323671,364738,Naive
8.333333333333334,10.24044269876389,0.6038647342995169,364738,Seasonal Naive
6.75540240434877,7.799809485905118,0.4895219133586065,364738,LightGBM
6.828849919637045,7.857780573963874,0.49484419707514815,364738,PyTorch LSTM
4.866666666666666,6.668333125052067,0.6033057851239669,407499,Naive
4.266666666666667,6.29285308902091,0.5289256198347108,407499,Seasonal Naive
3.4859192016810874,5.247911803892148,0.43213874401005214,407499,LightGBM
3.1158447583516438,4.290393025831633,0.38626174690309634,407499,PyTorch LSTM
4.0,4.575295983139597,0.821917808219178,417765,Naive
3.0,3.7859388972001824,0.6164383561643836,417765,Seasonal Naive
2.5501773885513788,3.0008308416095058,0.5240090524420642,417765,LightGBM
2.9426913897196454,3.6418503970160687,0.6046626143259545,417765,PyTorch LSTM
2.2666666666666666,2.581988897471611,0.4533333333333333,557408,Naive
2.2666666666666666,2.851899951494325,0.4533333333333333,557408,Seasonal Naive
1.446184978040441,2.1450081293283403,0.2892369956080882,557408,LightGBM
2.333031590779622,3.0566485100160525,0.46660631815592446,557408,PyTorch LSTM
4.066666666666666,5.092478113191389,0.44525547445255476,581078,Naive
3.7333333333333334,4.704607670500627,0.40875912408759124,581078,Seasonal Naive
2.7645998285216473,3.700628303306548,0.3026934118819322,581078,LightGBM
2.8809349060058596,3.3736864550464714,0.31543082912472914,581078,PyTorch LSTM
28.582266666666666,36.688512861657394,0.8847245953330197,582864,Naive
19.935600000000004,24.323556003731582,0.6170789688730408,582864,Seasonal Naive
15.097302370709853,19.024828347295326,0.4673161469773746,582864,LightGBM
11.748632396443686,15.418632631295576,0.36366269211189384,582864,PyTorch LSTM
2.025266666666667,2.818961002449898,0.6893977215994193,671708,Naive
2.2334666666666663,3.200013999969375,0.760268687877275,671708,Seasonal Naive
2.62081305825877,2.8507816211657397,0.892120815909807,671708,LightGBM
3.3146604194641114,3.555942727881485,1.1283054121536258,671708,PyTorch LSTM
6.533333333333333,7.941452428030194,0.5104166666666666,866927,Naive
4.6,5.259911279353167,0.359375,866927,Seasonal Naive
4.496484538088671,5.216974530794544,0.35128785453817746,866927,LightGBM
5.376290512084961,6.02912636019382,0.4200226962566376,866927,PyTorch LSTM
58.4,96.08746016000214,0.7474402730375427,1146496,Naive
39.6,76.3299853705388,0.5068259385665529,1146496,Seasonal Naive
26.17174810344678,43.59547818466513,0.33496264637517215,1146496,LightGBM
22.065683110555014,37.01824903175057,0.2824106200156358,1146496,PyTorch LSTM
