item_nbr,family,next_day_forecast,next_day_lower,next_day_upper,lead_time_demand_forecast,safety_stock,reorder_point,simulated_current_inv,recommended_order_quantity,is_high_risk_lumpy,cv
105575,GROCERY I,5.8,0.72,8.33,44.11,5.89,50.0,25,25.0,False,0.84
115894,GROCERY I,5.25,0.4,7.61,37.85,0.0,37.85,19,18.85,False,0.86
116017,GROCERY I,7.67,3.81,14.84,68.47,21.78,90.26,43,47.26,False,0.85
129635,DAIRY,10.07,4.65,14.26,86.93,30.99,117.91,43,74.91,False,1.01
168930,CLEANING,5.0,0.93,6.45,37.65,0.0,37.65,20,17.65,False,1.04
208384,EGGS,9.7,0.36,14.79,83.51,14.42,97.93,44,53.93,False,0.83
257847,BEVERAGES,8.09,0.0,25.05,82.98,73.21,156.19,43,113.19,True,1.14
258268,EGGS,7.67,3.78,12.09,55.61,13.22,68.83,30,38.83,False,0.78
273528,PERSONAL CARE,7.6,3.47,11.89,54.98,10.41,65.39,31,34.39,False,0.88
310644,BREAD/BAKERY,11.57,4.72,16.41,95.06,17.71,112.77,53,59.77,False,0.81
311994,BREAD/BAKERY,15.72,12.47,22.01,141.02,35.96,176.99,77,99.99,False,0.72
315176,BEVERAGES,10.31,0.0,20.76,94.04,17.9,111.94,50,61.94,False,0.85
329397,DAIRY,5.31,1.77,9.46,37.69,7.85,45.54,23,22.54,False,1.08
360314,BREAD/BAKERY,5.34,0.9,7.55,40.14,0.0,40.14,20,20.14,False,0.8
364738,BEVERAGES,15.2,7.71,26.01,105.84,40.74,146.58,56,90.58,False,0.95
407499,EGGS,6.64,3.55,9.73,48.56,12.32,60.87,29,31.87,False,0.98
417765,CLEANING,5.19,1.52,7.68,41.71,5.9,47.61,20,27.61,False,0.95
557408,DAIRY,5.77,1.44,9.23,41.33,7.73,49.06,26,23.06,False,0.93
581078,CLEANING,6.91,2.54,10.2,54.86,7.4,62.27,29,33.27,False,0.78
582864,MEATS,33.0,18.39,49.63,224.95,36.5,261.46,117,144.46,False,0.82
671708,DELI,5.27,1.53,5.83,38.09,0.0,38.09,23,15.09,False,0.92
866927,DELI,7.96,3.28,12.7,70.17,16.55,86.71,43,43.71,False,0.89
1146496,FROZEN FOODS,25.0,0.0,56.88,381.44,198.3,579.74,191,388.74,True,1.78
