item_nbr,family,class,perishable
105575,GROCERY I,1045,0
115894,GROCERY I,1016,0
116017,GROCERY I,1072,0
129635,DAIRY,2112,1
168930,CLEANING,3026,0
208384,EGGS,2502,1
257847,BEVERAGES,1120,0
258268,EGGS,2502,1
273528,PERSONAL CARE,4114,0
310644,BREAD/BAKERY,2702,1
311994,BREAD/BAKERY,2752,1
315176,BEVERAGES,1124,0
329397,DAIRY,2112,1
360314,BREAD/BAKERY,2702,1
364738,BEVERAGES,1124,0
407499,EGGS,2502,1
417765,CLEANING,3026,0
557408,DAIRY,2142,1
581078,CLEANING,3038,0
582864,MEATS,2302,1
671708,DELI,2664,1
866927,DELI,2632,1
1146496,FROZEN FOODS,2246,0
